"Label","Qualified API Name","Developer Name","Data Type","Description","Label"
"Record ID","Id","TTS_Agreement","Lookup()","","Agreement"
"Owner","OwnerId","TTS_Agreement","Lookup(User,Group)","","Agreement"
"Deleted","IsDeleted","TTS_Agreement","Checkbox","","Agreement"
"Agreement ID","Name","TTS_Agreement","Auto Number","","Agreement"
"Record Type","RecordTypeId","TTS_Agreement","Record Type","","Agreement"
"Created Date","CreatedDate","TTS_Agreement","Date/Time","","Agreement"
"Created By","CreatedById","TTS_Agreement","Lookup(User)","","Agreement"
"Last Modified Date","LastModifiedDate","TTS_Agreement","Date/Time","","Agreement"
"Last Modified By","LastModifiedById","TTS_Agreement","Lookup(User)","","Agreement"
"System Modstamp","SystemModstamp","TTS_Agreement","Date/Time","","Agreement"
"Last Activity Date","LastActivityDate","TTS_Agreement","Date","","Agreement"
"Last Viewed Date","LastViewedDate","TTS_Agreement","Date/Time","","Agreement"
"Last Referenced Date","LastReferencedDate","TTS_Agreement","Date/Time","","Agreement"
"Object Access Level","UserRecordAccessId","TTS_Agreement","Lookup(User Record Access)","","Agreement"
"Agreement Type","Agreement_Type__c","TTS_Agreement","Picklist","","Agreement"
"Budget","Budget__c","TTS_Agreement","Currency(16, 2)","","Agreement"
"Description","Description__c","TTS_Agreement","Long Text Area(130000)","","Agreement"
"Effective/Start Date","Effective_Date__c","TTS_Agreement","Date/Time","","Agreement"
"Expiration Date","Expiration_Date__c","TTS_Agreement","Date/Time","","Agreement"
"Governing Law","Governing_Law__c","TTS_Agreement","Text(100)","","Agreement"
"Licensee (Account)","Licensee_Account__c","TTS_Agreement","Lookup(Account)","","Agreement"
"Licensee (Contact)","Licensee__c","TTS_Agreement","Lookup(Contact)","","Agreement"
"Opportunity","Opportunity__c","TTS_Agreement","Lookup(Opportunity)","","Agreement"
"Payment Terms","Payment_terms__c","TTS_Agreement","Long Text Area(130000)","","Agreement"
"Renewal Date","Renewal_Date__c","TTS_Agreement","Date/Time","","Agreement"
"Status","Status__c","TTS_Agreement","Picklist","","Agreement"
"Technology","Technology__c","TTS_Agreement","Lookup(Technology)","","Agreement"
"Termination Date","Termination_Date__c","TTS_Agreement","Date/Time","","Agreement"
"Termination Details","Termination__c","TTS_Agreement","Long Text Area(130000)","","Agreement"
"Title","Title__c","TTS_Agreement","Text(200)","","Agreement"
"Usage Restrictions","Usage_Restrictions__c","TTS_Agreement","Long Text Area(130000)","","Agreement"
"Record ID","Id","TTS_Agreement_Deliverable","Lookup()","","Agreement Deliverable"
"Deleted","IsDeleted","TTS_Agreement_Deliverable","Checkbox","","Agreement Deliverable"
"Deliverable ID","Name","TTS_Agreement_Deliverable","Auto Number","","Agreement Deliverable"
"Created Date","CreatedDate","TTS_Agreement_Deliverable","Date/Time","","Agreement Deliverable"
"Created By","CreatedById","TTS_Agreement_Deliverable","Lookup(User)","","Agreement Deliverable"
"Last Modified Date","LastModifiedDate","TTS_Agreement_Deliverable","Date/Time","","Agreement Deliverable"
"Last Modified By","LastModifiedById","TTS_Agreement_Deliverable","Lookup(User)","","Agreement Deliverable"
"System Modstamp","SystemModstamp","TTS_Agreement_Deliverable","Date/Time","","Agreement Deliverable"
"Last Activity Date","LastActivityDate","TTS_Agreement_Deliverable","Date","","Agreement Deliverable"
"Last Viewed Date","LastViewedDate","TTS_Agreement_Deliverable","Date/Time","","Agreement Deliverable"
"Last Referenced Date","LastReferencedDate","TTS_Agreement_Deliverable","Date/Time","","Agreement Deliverable"
"Object Access Level","UserRecordAccessId","TTS_Agreement_Deliverable","Lookup(User Record Access)","","Agreement Deliverable"
"Agreement","Agreement__c","TTS_Agreement_Deliverable","Master-Detail(Agreement)","","Agreement Deliverable"
"Deadline","Deadline__c","TTS_Agreement_Deliverable","Date/Time","","Agreement Deliverable"
"Description","Description__c","TTS_Agreement_Deliverable","Long Text Area(130000)","","Agreement Deliverable"
"Expected Outcome","Expected_Outcome__c","TTS_Agreement_Deliverable","Long Text Area(32768)","","Agreement Deliverable"
"Name","Name__c","TTS_Agreement_Deliverable","Text(200)","","Agreement Deliverable"
"Resource Details","Resource_Details__c","TTS_Agreement_Deliverable","Long Text Area(32768)","","Agreement Deliverable"
"Status","Status__c","TTS_Agreement_Deliverable","Picklist","","Agreement Deliverable"
"Type","Type__c","TTS_Agreement_Deliverable","Picklist","","Agreement Deliverable"
"Record ID","Id","TTS_Agreement_Party","Lookup()","","Agreement Party"
"Deleted","IsDeleted","TTS_Agreement_Party","Checkbox","","Agreement Party"
"Agreement Party ID","Name","TTS_Agreement_Party","Auto Number","","Agreement Party"
"Created Date","CreatedDate","TTS_Agreement_Party","Date/Time","","Agreement Party"
"Created By","CreatedById","TTS_Agreement_Party","Lookup(User)","","Agreement Party"
"Last Modified Date","LastModifiedDate","TTS_Agreement_Party","Date/Time","","Agreement Party"
"Last Modified By","LastModifiedById","TTS_Agreement_Party","Lookup(User)","","Agreement Party"
"System Modstamp","SystemModstamp","TTS_Agreement_Party","Date/Time","","Agreement Party"
"Last Activity Date","LastActivityDate","TTS_Agreement_Party","Date","","Agreement Party"
"Last Viewed Date","LastViewedDate","TTS_Agreement_Party","Date/Time","","Agreement Party"
"Last Referenced Date","LastReferencedDate","TTS_Agreement_Party","Date/Time","","Agreement Party"
"Object Access Level","UserRecordAccessId","TTS_Agreement_Party","Lookup(User Record Access)","","Agreement Party"
"Agreement","Agreement__c","TTS_Agreement_Party","Master-Detail(Agreement)","","Agreement Party"
"Account","Account__c","TTS_Agreement_Party","Lookup(Account)","","Agreement Party"
"Contact","Contact__c","TTS_Agreement_Party","Lookup(Contact)","","Agreement Party"
"Type","Type__c","TTS_Agreement_Party","Picklist","","Agreement Party"
"Record ID","Id","TTS_Applicant","Lookup()","","Applicant"
"Deleted","IsDeleted","TTS_Applicant","Checkbox","","Applicant"
"Applicant ID","Name","TTS_Applicant","Auto Number","","Applicant"
"Created Date","CreatedDate","TTS_Applicant","Date/Time","","Applicant"
"Created By","CreatedById","TTS_Applicant","Lookup(User)","","Applicant"
"Last Modified Date","LastModifiedDate","TTS_Applicant","Date/Time","","Applicant"
"Last Modified By","LastModifiedById","TTS_Applicant","Lookup(User)","","Applicant"
"System Modstamp","SystemModstamp","TTS_Applicant","Date/Time","","Applicant"
"Last Activity Date","LastActivityDate","TTS_Applicant","Date","","Applicant"
"Last Viewed Date","LastViewedDate","TTS_Applicant","Date/Time","","Applicant"
"Last Referenced Date","LastReferencedDate","TTS_Applicant","Date/Time","","Applicant"
"Object Access Level","UserRecordAccessId","TTS_Applicant","Lookup(User Record Access)","","Applicant"
"Protection","Protection__c","TTS_Applicant","Master-Detail(Protection)","","Applicant"
"Account","Account__c","TTS_Applicant","Lookup(Account)","","Applicant"
"External Reference","IP_External_Reference__c","TTS_Applicant","Text(50)  (External ID)","","Applicant"
"Individual Contact","Individual_Contact__c","TTS_Applicant","Lookup(Contact)","","Applicant"
"Lead Applicant","Lead_Applicant__c","TTS_Applicant","Checkbox","","Applicant"
"Type","Type__c","TTS_Applicant","Picklist","","Applicant"
"Protection Title","Protection_Title__c","TTS_Applicant","Formula (Text)","","Applicant"
"Change Event ID","Id","TTS_Agreement__ChangeEvent","Lookup()","","Change Event: Agreement"
"Replay ID","ReplayId","TTS_Agreement__ChangeEvent","External Lookup","","Change Event: Agreement"
"Change Event Header","ChangeEventHeader","TTS_Agreement__ChangeEvent","Complex Value","","Change Event: Agreement"
"Owner","OwnerId","TTS_Agreement__ChangeEvent","Lookup(User,Group)","","Change Event: Agreement"
"<Entity>","Name","TTS_Agreement__ChangeEvent","Text(80)","","Change Event: Agreement"
"Record Type","RecordTypeId","TTS_Agreement__ChangeEvent","Lookup(Record Type)","","Change Event: Agreement"
"Created Date","CreatedDate","TTS_Agreement__ChangeEvent","Date/Time","","Change Event: Agreement"
"Created By","CreatedById","TTS_Agreement__ChangeEvent","Lookup(User)","","Change Event: Agreement"
"Last Modified Date","LastModifiedDate","TTS_Agreement__ChangeEvent","Date/Time","","Change Event: Agreement"
"Last Modified By","LastModifiedById","TTS_Agreement__ChangeEvent","Lookup(User)","","Change Event: Agreement"
"Agreement Type","Agreement_Type__c","TTS_Agreement__ChangeEvent","Picklist","","Change Event: Agreement"
"Budget","Budget__c","TTS_Agreement__ChangeEvent","Currency(16, 2)","","Change Event: Agreement"
"Description","Description__c","TTS_Agreement__ChangeEvent","Long Text Area(130000)","","Change Event: Agreement"
"Effective/Start Date","Effective_Date__c","TTS_Agreement__ChangeEvent","Date/Time","","Change Event: Agreement"
"Expiration Date","Expiration_Date__c","TTS_Agreement__ChangeEvent","Date/Time","","Change Event: Agreement"
"Governing Law","Governing_Law__c","TTS_Agreement__ChangeEvent","Text(100)","","Change Event: Agreement"
"Licensee (Account)","Licensee_Account__c","TTS_Agreement__ChangeEvent","Lookup(Account)","","Change Event: Agreement"
"Licensee (Contact)","Licensee__c","TTS_Agreement__ChangeEvent","Lookup(Contact)","","Change Event: Agreement"
"Opportunity","Opportunity__c","TTS_Agreement__ChangeEvent","Lookup(Opportunity)","","Change Event: Agreement"
"Payment Terms","Payment_terms__c","TTS_Agreement__ChangeEvent","Long Text Area(130000)","","Change Event: Agreement"
"Renewal Date","Renewal_Date__c","TTS_Agreement__ChangeEvent","Date/Time","","Change Event: Agreement"
"Status","Status__c","TTS_Agreement__ChangeEvent","Picklist","","Change Event: Agreement"
"Technology","Technology__c","TTS_Agreement__ChangeEvent","Lookup(Technology)","","Change Event: Agreement"
"Termination Date","Termination_Date__c","TTS_Agreement__ChangeEvent","Date/Time","","Change Event: Agreement"
"Termination Details","Termination__c","TTS_Agreement__ChangeEvent","Long Text Area(130000)","","Change Event: Agreement"
"Title","Title__c","TTS_Agreement__ChangeEvent","Text(200)","","Change Event: Agreement"
"Usage Restrictions","Usage_Restrictions__c","TTS_Agreement__ChangeEvent","Long Text Area(130000)","","Change Event: Agreement"
"Change Event ID","Id","TTS_Agreement_Party__ChangeEvent","Lookup()","","Change Event: Agreement Party"
"Replay ID","ReplayId","TTS_Agreement_Party__ChangeEvent","External Lookup","","Change Event: Agreement Party"
"Change Event Header","ChangeEventHeader","TTS_Agreement_Party__ChangeEvent","Complex Value","","Change Event: Agreement Party"
"<Entity>","Name","TTS_Agreement_Party__ChangeEvent","Text(80)","","Change Event: Agreement Party"
"Created Date","CreatedDate","TTS_Agreement_Party__ChangeEvent","Date/Time","","Change Event: Agreement Party"
"Created By","CreatedById","TTS_Agreement_Party__ChangeEvent","Lookup(User)","","Change Event: Agreement Party"
"Last Modified Date","LastModifiedDate","TTS_Agreement_Party__ChangeEvent","Date/Time","","Change Event: Agreement Party"
"Last Modified By","LastModifiedById","TTS_Agreement_Party__ChangeEvent","Lookup(User)","","Change Event: Agreement Party"
"Agreement","Agreement__c","TTS_Agreement_Party__ChangeEvent","Master-Detail(Agreement)","","Change Event: Agreement Party"
"Account","Account__c","TTS_Agreement_Party__ChangeEvent","Lookup(Account)","","Change Event: Agreement Party"
"Contact","Contact__c","TTS_Agreement_Party__ChangeEvent","Lookup(Contact)","","Change Event: Agreement Party"
"Type","Type__c","TTS_Agreement_Party__ChangeEvent","Picklist","","Change Event: Agreement Party"
"Change Event ID","Id","TTS_Applicant__ChangeEvent","Lookup()","","Change Event: Applicant"
"Replay ID","ReplayId","TTS_Applicant__ChangeEvent","External Lookup","","Change Event: Applicant"
"Change Event Header","ChangeEventHeader","TTS_Applicant__ChangeEvent","Complex Value","","Change Event: Applicant"
"<Entity>","Name","TTS_Applicant__ChangeEvent","Text(80)","","Change Event: Applicant"
"Created Date","CreatedDate","TTS_Applicant__ChangeEvent","Date/Time","","Change Event: Applicant"
"Created By","CreatedById","TTS_Applicant__ChangeEvent","Lookup(User)","","Change Event: Applicant"
"Last Modified Date","LastModifiedDate","TTS_Applicant__ChangeEvent","Date/Time","","Change Event: Applicant"
"Last Modified By","LastModifiedById","TTS_Applicant__ChangeEvent","Lookup(User)","","Change Event: Applicant"
"Protection","Protection__c","TTS_Applicant__ChangeEvent","Master-Detail(Protection)","","Change Event: Applicant"
"Account","Account__c","TTS_Applicant__ChangeEvent","Lookup(Account)","","Change Event: Applicant"
"External Reference","IP_External_Reference__c","TTS_Applicant__ChangeEvent","Text(50)  (External ID)","","Change Event: Applicant"
"Individual Contact","Individual_Contact__c","TTS_Applicant__ChangeEvent","Lookup(Contact)","","Change Event: Applicant"
"Lead Applicant","Lead_Applicant__c","TTS_Applicant__ChangeEvent","Checkbox","","Change Event: Applicant"
"Type","Type__c","TTS_Applicant__ChangeEvent","Picklist","","Change Event: Applicant"
"Protection Title","Protection_Title__c","TTS_Applicant__ChangeEvent","Text(0)","","Change Event: Applicant"
"Change Event ID","Id","TTS_Contributor__ChangeEvent","Lookup()","","Change Event: Contributor"
"Replay ID","ReplayId","TTS_Contributor__ChangeEvent","External Lookup","","Change Event: Contributor"
"Change Event Header","ChangeEventHeader","TTS_Contributor__ChangeEvent","Complex Value","","Change Event: Contributor"
"<Entity>","Name","TTS_Contributor__ChangeEvent","Text(80)","","Change Event: Contributor"
"Created Date","CreatedDate","TTS_Contributor__ChangeEvent","Date/Time","","Change Event: Contributor"
"Created By","CreatedById","TTS_Contributor__ChangeEvent","Lookup(User)","","Change Event: Contributor"
"Last Modified Date","LastModifiedDate","TTS_Contributor__ChangeEvent","Date/Time","","Change Event: Contributor"
"Last Modified By","LastModifiedById","TTS_Contributor__ChangeEvent","Lookup(User)","","Change Event: Contributor"
"Transaction","IP_Related_Transaction__c","TTS_Contributor__ChangeEvent","Master-Detail(Transaction)","","Change Event: Contributor"
"Account","Account__c","TTS_Contributor__ChangeEvent","Lookup(Account)","","Change Event: Contributor"
"Amount","Amount__c","TTS_Contributor__ChangeEvent","Currency(16, 2)","","Change Event: Contributor"
"Comments","Comments__c","TTS_Contributor__ChangeEvent","Long Text Area(32768)","","Change Event: Contributor"
"Payment Reference","IP_Cont_Payment_Reference__c","TTS_Contributor__ChangeEvent","Text(50)  (External ID)","","Change Event: Contributor"
"Contact","IP_Contact__c","TTS_Contributor__ChangeEvent","Lookup(Contact)","","Change Event: Contributor"
"Date/Time","IP_Date_Time__c","TTS_Contributor__ChangeEvent","Date/Time","","Change Event: Contributor"
"Change Event ID","Id","TTS_Disclosure__ChangeEvent","Lookup()","","Change Event: Disclosure"
"Replay ID","ReplayId","TTS_Disclosure__ChangeEvent","External Lookup","","Change Event: Disclosure"
"Change Event Header","ChangeEventHeader","TTS_Disclosure__ChangeEvent","Complex Value","","Change Event: Disclosure"
"Owner","OwnerId","TTS_Disclosure__ChangeEvent","Lookup(User,Group)","","Change Event: Disclosure"
"<Entity>","Name","TTS_Disclosure__ChangeEvent","Text(80)","","Change Event: Disclosure"
"Created Date","CreatedDate","TTS_Disclosure__ChangeEvent","Date/Time","","Change Event: Disclosure"
"Created By","CreatedById","TTS_Disclosure__ChangeEvent","Lookup(User)","","Change Event: Disclosure"
"Last Modified Date","LastModifiedDate","TTS_Disclosure__ChangeEvent","Date/Time","","Change Event: Disclosure"
"Last Modified By","LastModifiedById","TTS_Disclosure__ChangeEvent","Lookup(User)","","Change Event: Disclosure"
"Commercial Applications","Commercial_Applications__c","TTS_Disclosure__ChangeEvent","Long Text Area(130000)","","Change Event: Disclosure"
"Contact","Contact__c","TTS_Disclosure__ChangeEvent","Lookup(Contact)","A relationship to the individual inventor or researcher disclosing of initial technology.","Change Event: Disclosure"
"Current Protection Details","Current_Protection_Details__c","TTS_Disclosure__ChangeEvent","Long Text Area(130000)","","Change Event: Disclosure"
"Current Protections","Current_Protections__c","TTS_Disclosure__ChangeEvent","Picklist (Multi-Select)","","Change Event: Disclosure"
"Disclosure Description","Disclosure_Description__c","TTS_Disclosure__ChangeEvent","Rich Text Area(130000)","","Change Event: Disclosure"
"Title","Disclosure_Title__c","TTS_Disclosure__ChangeEvent","Long Text Area(256)","","Change Event: Disclosure"
"Disclosure date","Disclosure_date__c","TTS_Disclosure__ChangeEvent","Date","","Change Event: Disclosure"
"External ID","External_ID__c","TTS_Disclosure__ChangeEvent","Text(200)  (External ID)","","Change Event: Disclosure"
"Funding Details","Funding_Details__c","TTS_Disclosure__ChangeEvent","Long Text Area(32768)","","Change Event: Disclosure"
"Funding Source","Funding_Source__c","TTS_Disclosure__ChangeEvent","Picklist","","Change Event: Disclosure"
"Partnership/Collaboration Details","Partnership_Collaboration_Details__c","TTS_Disclosure__ChangeEvent","Long Text Area(32768)","","Change Event: Disclosure"
"Status","Status__c","TTS_Disclosure__ChangeEvent","Picklist","","Change Event: Disclosure"
"Technology","Technology__c","TTS_Disclosure__ChangeEvent","Lookup(Technology)","Related technologies that currently exist and are in the transfer process or have been proccesed.","Change Event: Disclosure"
"Change Event ID","Id","TTS_Inventor__ChangeEvent","Lookup()","","Change Event: Inventor"
"Replay ID","ReplayId","TTS_Inventor__ChangeEvent","External Lookup","","Change Event: Inventor"
"Change Event Header","ChangeEventHeader","TTS_Inventor__ChangeEvent","Complex Value","","Change Event: Inventor"
"<Entity>","Name","TTS_Inventor__ChangeEvent","Text(80)","","Change Event: Inventor"
"Created Date","CreatedDate","TTS_Inventor__ChangeEvent","Date/Time","","Change Event: Inventor"
"Created By","CreatedById","TTS_Inventor__ChangeEvent","Lookup(User)","","Change Event: Inventor"
"Last Modified Date","LastModifiedDate","TTS_Inventor__ChangeEvent","Date/Time","","Change Event: Inventor"
"Last Modified By","LastModifiedById","TTS_Inventor__ChangeEvent","Lookup(User)","","Change Event: Inventor"
"IP","IP_Contribution__c","TTS_Inventor__ChangeEvent","Master-Detail(Technology)","","Change Event: Inventor"
"Alternative Distribution","IP_AlternativeContact__c","TTS_Inventor__ChangeEvent","Lookup(Contact)","Lookup to Contact object","Change Event: Inventor"
"Contribution Description","IP_Contribution_Description__c","TTS_Inventor__ChangeEvent","Long Text Area(32768)","","Change Event: Inventor"
"Role","IP_Contribution_Role__c","TTS_Inventor__ChangeEvent","Picklist","","Change Event: Inventor"
"Is Primary","IP_Is_Primary__c","TTS_Inventor__ChangeEvent","Checkbox","","Change Event: Inventor"
"Original Inventor","IP_Original_Inventor_Name__c","TTS_Inventor__ChangeEvent","Lookup(Contact)","Lookup to contact object.","Change Event: Inventor"
"Percentage Share","Percentage_Share__c","TTS_Inventor__ChangeEvent","Number(3, 1)","","Change Event: Inventor"
"Inventor","IP_Inventor__c","TTS_Inventor__ChangeEvent","Text(0)","","Change Event: Inventor"
"Change Event ID","Id","TTS_Mentoring_Opportunity__ChangeEvent","Lookup()","","Change Event: Mentoring Opportunity"
"Replay ID","ReplayId","TTS_Mentoring_Opportunity__ChangeEvent","External Lookup","","Change Event: Mentoring Opportunity"
"Change Event Header","ChangeEventHeader","TTS_Mentoring_Opportunity__ChangeEvent","Complex Value","","Change Event: Mentoring Opportunity"
"Owner","OwnerId","TTS_Mentoring_Opportunity__ChangeEvent","Lookup(User,Group)","","Change Event: Mentoring Opportunity"
"<Entity>","Name","TTS_Mentoring_Opportunity__ChangeEvent","Text(80)","","Change Event: Mentoring Opportunity"
"Created Date","CreatedDate","TTS_Mentoring_Opportunity__ChangeEvent","Date/Time","","Change Event: Mentoring Opportunity"
"Created By","CreatedById","TTS_Mentoring_Opportunity__ChangeEvent","Lookup(User)","","Change Event: Mentoring Opportunity"
"Last Modified Date","LastModifiedDate","TTS_Mentoring_Opportunity__ChangeEvent","Date/Time","","Change Event: Mentoring Opportunity"
"Last Modified By","LastModifiedById","TTS_Mentoring_Opportunity__ChangeEvent","Lookup(User)","","Change Event: Mentoring Opportunity"
"Applicable Industries","Applicable_Industries__c","TTS_Mentoring_Opportunity__ChangeEvent","Picklist (Multi-Select)","","Change Event: Mentoring Opportunity"
"Expiry Date","Expiry_Date__c","TTS_Mentoring_Opportunity__ChangeEvent","Date","","Change Event: Mentoring Opportunity"
"Mentee","Mentee__c","TTS_Mentoring_Opportunity__ChangeEvent","Lookup(Contact)","","Change Event: Mentoring Opportunity"
"Mentor","Mentor__c","TTS_Mentoring_Opportunity__ChangeEvent","Lookup(Contact)","","Change Event: Mentoring Opportunity"
"Mentoring End Date","Mentoring_End_Date__c","TTS_Mentoring_Opportunity__ChangeEvent","Date","","Change Event: Mentoring Opportunity"
"Mentoring Start Date","Mentoring_Start_Date__c","TTS_Mentoring_Opportunity__ChangeEvent","Date","","Change Event: Mentoring Opportunity"
"Overview","Overview__c","TTS_Mentoring_Opportunity__ChangeEvent","Long Text Area(32768)","","Change Event: Mentoring Opportunity"
"Requested Skills","Requested_Skills__c","TTS_Mentoring_Opportunity__ChangeEvent","Picklist (Multi-Select)","","Change Event: Mentoring Opportunity"
"Stage","Stage__c","TTS_Mentoring_Opportunity__ChangeEvent","Picklist","","Change Event: Mentoring Opportunity"
"Total Selected Interests","Total_Selected_Interests__c","TTS_Mentoring_Opportunity__ChangeEvent","Roll-Up Summary (COUNT Mentoring Interest)","Hidden Field Used for validation. There can only be 1 selected mentor from the related mentoring interests","Change Event: Mentoring Opportunity"
"Change Event ID","Id","TTS_Protection__ChangeEvent","Lookup()","","Change Event: Protection"
"Replay ID","ReplayId","TTS_Protection__ChangeEvent","External Lookup","","Change Event: Protection"
"Change Event Header","ChangeEventHeader","TTS_Protection__ChangeEvent","Complex Value","","Change Event: Protection"
"Owner","OwnerId","TTS_Protection__ChangeEvent","Lookup(User,Group)","","Change Event: Protection"
"<Entity>","Name","TTS_Protection__ChangeEvent","Text(80)","","Change Event: Protection"
"Record Type","RecordTypeId","TTS_Protection__ChangeEvent","Lookup(Record Type)","","Change Event: Protection"
"Created Date","CreatedDate","TTS_Protection__ChangeEvent","Date/Time","","Change Event: Protection"
"Created By","CreatedById","TTS_Protection__ChangeEvent","Lookup(User)","","Change Event: Protection"
"Last Modified Date","LastModifiedDate","TTS_Protection__ChangeEvent","Date/Time","","Change Event: Protection"
"Last Modified By","LastModifiedById","TTS_Protection__ChangeEvent","Lookup(User)","","Change Event: Protection"
"Protection Owner (Account)","Account__c","TTS_Protection__ChangeEvent","Lookup(Account)","","Change Event: Protection"
"Attorney Reference ID","Attorney_Reference_ID__c","TTS_Protection__ChangeEvent","Text(30)","","Change Event: Protection"
"Attorney Contact","Attorney__c","TTS_Protection__ChangeEvent","Lookup(Contact)","","Change Event: Protection"
"Copyright Author","Contact__c","TTS_Protection__ChangeEvent","Lookup(Contact)","","Change Event: Protection"
"Date of Creation","Date_of_Creation__c","TTS_Protection__ChangeEvent","Date","","Change Event: Protection"
"Description","Description__c","TTS_Protection__ChangeEvent","Long Text Area(131072)","","Change Event: Protection"
"Examination Date","Examination_Date__c","TTS_Protection__ChangeEvent","Date","","Change Event: Protection"
"Filing Date","Filing_Date__c","TTS_Protection__ChangeEvent","Date","","Change Event: Protection"
"Issuance Date","Issuance_Date__c","TTS_Protection__ChangeEvent","Date","","Change Event: Protection"
"Jurisdiction","Jurisdiction__c","TTS_Protection__ChangeEvent","Picklist","","Change Event: Protection"
"Patent Application Number","Patent_Application_Number__c","TTS_Protection__ChangeEvent","Text(200)","","Change Event: Protection"
"Patent Application Type","Patent_Application_Type__c","TTS_Protection__ChangeEvent","Picklist","","Change Event: Protection"
"Patent Classification (IPC)","Patent_Classification__c","TTS_Protection__ChangeEvent","Text(100)","","Change Event: Protection"
"Patent Term","Patent_Term__c","TTS_Protection__ChangeEvent","Number(3, 1)","","Change Event: Protection"
"Patent Number","Patent_number__c","TTS_Protection__ChangeEvent","Text(100)  (External ID)","","Change Event: Protection"
"Priority Date","Priority_Date__c","TTS_Protection__ChangeEvent","Date","","Change Event: Protection"
"Protection Family","Protection_Family__c","TTS_Protection__ChangeEvent","Lookup(Protection Family)","","Change Event: Protection"
"Protection Owner (Individual)","Protection_Owner_Individual__c","TTS_Protection__ChangeEvent","Lookup(Contact)","","Change Event: Protection"
"Status","Protection_Status__c","TTS_Protection__ChangeEvent","Picklist","","Change Event: Protection"
"Publication Date","Publication_Date__c","TTS_Protection__ChangeEvent","Date","","Change Event: Protection"
"Registered","Registered__c","TTS_Protection__ChangeEvent","Checkbox","","Change Event: Protection"
"Registration date","Registration_date__c","TTS_Protection__ChangeEvent","Date","","Change Event: Protection"
"Renewal date","Renewal_date__c","TTS_Protection__ChangeEvent","Date","","Change Event: Protection"
"Stage","Stage__c","TTS_Protection__ChangeEvent","Picklist","","Change Event: Protection"
"Technology","Technology__c","TTS_Protection__ChangeEvent","Lookup(Technology)","","Change Event: Protection"
"Title","Title__c","TTS_Protection__ChangeEvent","Text(244)","","Change Event: Protection"
"Trademark registration number","Trademark_registration_number__c","TTS_Protection__ChangeEvent","Text(100)  (External ID)","","Change Event: Protection"
"Type","Type__c","TTS_Protection__ChangeEvent","Picklist","","Change Event: Protection"
"US Patent Classification","United_States_Patent_Classification__c","TTS_Protection__ChangeEvent","Text(100)","","Change Event: Protection"
"Work Format","Work_Format__c","TTS_Protection__ChangeEvent","Picklist","","Change Event: Protection"
"Total Active Litigations","Total_Active_Litigations__c","TTS_Protection__ChangeEvent","Roll-Up Summary (COUNT Protection Litigation)","","Change Event: Protection"
"Expiration Date","Expiration_Date__c","TTS_Protection__ChangeEvent","Date","","Change Event: Protection"
"Work Format Detail","Work_Format_Detail__c","TTS_Protection__ChangeEvent","Picklist","","Change Event: Protection"
"Change Event ID","Id","TTS_Protection_Claim__ChangeEvent","Lookup()","","Change Event: Protection Claim"
"Replay ID","ReplayId","TTS_Protection_Claim__ChangeEvent","External Lookup","","Change Event: Protection Claim"
"Change Event Header","ChangeEventHeader","TTS_Protection_Claim__ChangeEvent","Complex Value","","Change Event: Protection Claim"
"<Entity>","Name","TTS_Protection_Claim__ChangeEvent","Text(80)","","Change Event: Protection Claim"
"Created Date","CreatedDate","TTS_Protection_Claim__ChangeEvent","Date/Time","","Change Event: Protection Claim"
"Created By","CreatedById","TTS_Protection_Claim__ChangeEvent","Lookup(User)","","Change Event: Protection Claim"
"Last Modified Date","LastModifiedDate","TTS_Protection_Claim__ChangeEvent","Date/Time","","Change Event: Protection Claim"
"Last Modified By","LastModifiedById","TTS_Protection_Claim__ChangeEvent","Lookup(User)","","Change Event: Protection Claim"
"Patent","Protection__c","TTS_Protection_Claim__ChangeEvent","Master-Detail(Protection)","","Change Event: Protection Claim"
"Claim","Claim__c","TTS_Protection_Claim__ChangeEvent","Long Text Area(131072)","","Change Event: Protection Claim"
"Status","Status__c","TTS_Protection_Claim__ChangeEvent","Picklist","","Change Event: Protection Claim"
"Change Event ID","Id","TTS_Protection_Family__ChangeEvent","Lookup()","","Change Event: Protection Family"
"Replay ID","ReplayId","TTS_Protection_Family__ChangeEvent","External Lookup","","Change Event: Protection Family"
"Change Event Header","ChangeEventHeader","TTS_Protection_Family__ChangeEvent","Complex Value","","Change Event: Protection Family"
"Owner","OwnerId","TTS_Protection_Family__ChangeEvent","Lookup(User,Group)","","Change Event: Protection Family"
"<Entity>","Name","TTS_Protection_Family__ChangeEvent","Text(80)","","Change Event: Protection Family"
"Created Date","CreatedDate","TTS_Protection_Family__ChangeEvent","Date/Time","","Change Event: Protection Family"
"Created By","CreatedById","TTS_Protection_Family__ChangeEvent","Lookup(User)","","Change Event: Protection Family"
"Last Modified Date","LastModifiedDate","TTS_Protection_Family__ChangeEvent","Date/Time","","Change Event: Protection Family"
"Last Modified By","LastModifiedById","TTS_Protection_Family__ChangeEvent","Lookup(User)","","Change Event: Protection Family"
"Additional notes","Additional_notes__c","TTS_Protection_Family__ChangeEvent","Long Text Area(32768)","","Change Event: Protection Family"
"Earliest Priority Date","Earliest_Priority_Date__c","TTS_Protection_Family__ChangeEvent","Date","","Change Event: Protection Family"
"Name/Reference","Name_Reference__c","TTS_Protection_Family__ChangeEvent","Text(200)","","Change Event: Protection Family"
"Technology","Technology__c","TTS_Protection_Family__ChangeEvent","Lookup(Technology)","","Change Event: Protection Family"
"Change Event ID","Id","TTS_Protection_Litigation__ChangeEvent","Lookup()","","Change Event: Protection Litigation"
"Replay ID","ReplayId","TTS_Protection_Litigation__ChangeEvent","External Lookup","","Change Event: Protection Litigation"
"Change Event Header","ChangeEventHeader","TTS_Protection_Litigation__ChangeEvent","Complex Value","","Change Event: Protection Litigation"
"<Entity>","Name","TTS_Protection_Litigation__ChangeEvent","Text(80)","","Change Event: Protection Litigation"
"Created Date","CreatedDate","TTS_Protection_Litigation__ChangeEvent","Date/Time","","Change Event: Protection Litigation"
"Created By","CreatedById","TTS_Protection_Litigation__ChangeEvent","Lookup(User)","","Change Event: Protection Litigation"
"Last Modified Date","LastModifiedDate","TTS_Protection_Litigation__ChangeEvent","Date/Time","","Change Event: Protection Litigation"
"Last Modified By","LastModifiedById","TTS_Protection_Litigation__ChangeEvent","Lookup(User)","","Change Event: Protection Litigation"
"Protection","Protection__c","TTS_Protection_Litigation__ChangeEvent","Master-Detail(Protection)","","Change Event: Protection Litigation"
"Appeal Status","Appeal_Status__c","TTS_Protection_Litigation__ChangeEvent","Picklist","","Change Event: Protection Litigation"
"Plaintiff","Applicant__c","TTS_Protection_Litigation__ChangeEvent","Lookup(Applicant)","","Change Event: Protection Litigation"
"Case Number/Reference","Case_Number_Reference__c","TTS_Protection_Litigation__ChangeEvent","Text(100)","","Change Event: Protection Litigation"
"Case Outcome","Case_Outcome__c","TTS_Protection_Litigation__ChangeEvent","Picklist","","Change Event: Protection Litigation"
"Court","Court__c","TTS_Protection_Litigation__ChangeEvent","Text(244)","","Change Event: Protection Litigation"
"Damages Awarded","Damages_Awarded__c","TTS_Protection_Litigation__ChangeEvent","Currency(16, 2)","","Change Event: Protection Litigation"
"Damages Sought","Damages_Sought__c","TTS_Protection_Litigation__ChangeEvent","Currency(16, 2)","","Change Event: Protection Litigation"
"Defendant","Defendant__c","TTS_Protection_Litigation__ChangeEvent","Text(244)","","Change Event: Protection Litigation"
"Filing Date","Filing_Date__c","TTS_Protection_Litigation__ChangeEvent","Date","","Change Event: Protection Litigation"
"Plaintiff","Plaintiff__c","TTS_Protection_Litigation__ChangeEvent","Text(244)","","Change Event: Protection Litigation"
"Settlement Amount","Settlement_Amount__c","TTS_Protection_Litigation__ChangeEvent","Currency(16, 2)","","Change Event: Protection Litigation"
"Settlement Date","Settlement_Date__c","TTS_Protection_Litigation__ChangeEvent","Date","","Change Event: Protection Litigation"
"Status","Status__c","TTS_Protection_Litigation__ChangeEvent","Picklist","","Change Event: Protection Litigation"
"Type","Type__c","TTS_Protection_Litigation__ChangeEvent","Picklist","","Change Event: Protection Litigation"
"Change Event ID","Id","TTS_Recipient__ChangeEvent","Lookup()","","Change Event: Recipient"
"Replay ID","ReplayId","TTS_Recipient__ChangeEvent","External Lookup","","Change Event: Recipient"
"Change Event Header","ChangeEventHeader","TTS_Recipient__ChangeEvent","Complex Value","","Change Event: Recipient"
"<Entity>","Name","TTS_Recipient__ChangeEvent","Text(80)","","Change Event: Recipient"
"Created Date","CreatedDate","TTS_Recipient__ChangeEvent","Date/Time","","Change Event: Recipient"
"Created By","CreatedById","TTS_Recipient__ChangeEvent","Lookup(User)","","Change Event: Recipient"
"Last Modified Date","LastModifiedDate","TTS_Recipient__ChangeEvent","Date/Time","","Change Event: Recipient"
"Last Modified By","LastModifiedById","TTS_Recipient__ChangeEvent","Lookup(User)","","Change Event: Recipient"
"Transaction","IP_Transaction__c","TTS_Recipient__ChangeEvent","Master-Detail(Transaction)","","Change Event: Recipient"
"Amount","Amount__c","TTS_Recipient__ChangeEvent","Currency(16, 2)","","Change Event: Recipient"
"Account","IP_Recipient_Account__c","TTS_Recipient__ChangeEvent","Lookup(Account)","","Change Event: Recipient"
"Comments","IP_Recipient_Comments__c","TTS_Recipient__ChangeEvent","Long Text Area(32768)","","Change Event: Recipient"
"Contact","IP_Recipient_Contact__c","TTS_Recipient__ChangeEvent","Lookup(Contact)","","Change Event: Recipient"
"Payment Date/Time","IP_Recipient_Payment_Date_Time__c","TTS_Recipient__ChangeEvent","Date/Time","","Change Event: Recipient"
"Payment Reference","IP_Recipient_Payment_Reference__c","TTS_Recipient__ChangeEvent","Text(50)  (External ID)","","Change Event: Recipient"
"Change Event ID","Id","TTS_Space__ChangeEvent","Lookup()","","Change Event: Space"
"Replay ID","ReplayId","TTS_Space__ChangeEvent","External Lookup","","Change Event: Space"
"Change Event Header","ChangeEventHeader","TTS_Space__ChangeEvent","Complex Value","","Change Event: Space"
"Owner","OwnerId","TTS_Space__ChangeEvent","Lookup(User,Group)","","Change Event: Space"
"<Entity>","Name","TTS_Space__ChangeEvent","Text(80)","","Change Event: Space"
"Created Date","CreatedDate","TTS_Space__ChangeEvent","Date/Time","","Change Event: Space"
"Created By","CreatedById","TTS_Space__ChangeEvent","Lookup(User)","","Change Event: Space"
"Last Modified Date","LastModifiedDate","TTS_Space__ChangeEvent","Date/Time","","Change Event: Space"
"Last Modified By","LastModifiedById","TTS_Space__ChangeEvent","Lookup(User)","","Change Event: Space"
"Address","Address__c","TTS_Space__ChangeEvent","Long Text Area(32768)","","Change Event: Space"
"Next Available Date","Next_Available_Date__c","TTS_Space__ChangeEvent","Date","","Change Event: Space"
"Parent Space","Parent_Space__c","TTS_Space__ChangeEvent","Lookup(Space)","","Change Event: Space"
"Space Description","Space_Description__c","TTS_Space__ChangeEvent","Long Text Area(32768)","","Change Event: Space"
"Space Reference","Space_Reference__c","TTS_Space__ChangeEvent","Text(200)  (External ID)","","Change Event: Space"
"Status","Status__c","TTS_Space__ChangeEvent","Picklist","","Change Event: Space"
"Total Capacity","Total_Capacity__c","TTS_Space__ChangeEvent","Number(18, 0)","","Change Event: Space"
"Type","Type__c","TTS_Space__ChangeEvent","Picklist","","Change Event: Space"
"Total Occupants","Total_Occupants__c","TTS_Space__ChangeEvent","Roll-Up Summary (COUNT Space Tenant)","","Change Event: Space"
"Total Tenants","Total_Tenants__c","TTS_Space__ChangeEvent","Roll-Up Summary (SUM Space Tenant)","","Change Event: Space"
"Change Event ID","Id","TTS_Space_Asset__ChangeEvent","Lookup()","","Change Event: Space Asset"
"Replay ID","ReplayId","TTS_Space_Asset__ChangeEvent","External Lookup","","Change Event: Space Asset"
"Change Event Header","ChangeEventHeader","TTS_Space_Asset__ChangeEvent","Complex Value","","Change Event: Space Asset"
"<Entity>","Name","TTS_Space_Asset__ChangeEvent","Text(80)","","Change Event: Space Asset"
"Created Date","CreatedDate","TTS_Space_Asset__ChangeEvent","Date/Time","","Change Event: Space Asset"
"Created By","CreatedById","TTS_Space_Asset__ChangeEvent","Lookup(User)","","Change Event: Space Asset"
"Last Modified Date","LastModifiedDate","TTS_Space_Asset__ChangeEvent","Date/Time","","Change Event: Space Asset"
"Last Modified By","LastModifiedById","TTS_Space_Asset__ChangeEvent","Lookup(User)","","Change Event: Space Asset"
"Space","Space__c","TTS_Space_Asset__ChangeEvent","Master-Detail(Space)","","Change Event: Space Asset"
"Description","Description__c","TTS_Space_Asset__ChangeEvent","Long Text Area(32768)","","Change Event: Space Asset"
"Estimated Value","Estimated_Value__c","TTS_Space_Asset__ChangeEvent","Currency(16, 2)","","Change Event: Space Asset"
"Internal Asset Reference","Internal_Asset_Reference__c","TTS_Space_Asset__ChangeEvent","Text(200)  (External ID)","","Change Event: Space Asset"
"Name","Name__c","TTS_Space_Asset__ChangeEvent","Text(200)","","Change Event: Space Asset"
"Purchase Date","Purchase_Date__c","TTS_Space_Asset__ChangeEvent","Date","","Change Event: Space Asset"
"Status","Status__c","TTS_Space_Asset__ChangeEvent","Picklist","","Change Event: Space Asset"
"Change Event ID","Id","TTS_Space_Tenant__ChangeEvent","Lookup()","","Change Event: Space Tenant"
"Replay ID","ReplayId","TTS_Space_Tenant__ChangeEvent","External Lookup","","Change Event: Space Tenant"
"Change Event Header","ChangeEventHeader","TTS_Space_Tenant__ChangeEvent","Complex Value","","Change Event: Space Tenant"
"<Entity>","Name","TTS_Space_Tenant__ChangeEvent","Text(80)","","Change Event: Space Tenant"
"Created Date","CreatedDate","TTS_Space_Tenant__ChangeEvent","Date/Time","","Change Event: Space Tenant"
"Created By","CreatedById","TTS_Space_Tenant__ChangeEvent","Lookup(User)","","Change Event: Space Tenant"
"Last Modified Date","LastModifiedDate","TTS_Space_Tenant__ChangeEvent","Date/Time","","Change Event: Space Tenant"
"Last Modified By","LastModifiedById","TTS_Space_Tenant__ChangeEvent","Lookup(User)","","Change Event: Space Tenant"
"Space","Space__c","TTS_Space_Tenant__ChangeEvent","Master-Detail(Space)","","Change Event: Space Tenant"
"Account","Account__c","TTS_Space_Tenant__ChangeEvent","Lookup(Account)","","Change Event: Space Tenant"
"Contact","Contact__c","TTS_Space_Tenant__ChangeEvent","Lookup(Contact)","","Change Event: Space Tenant"
"End Date","End_Date__c","TTS_Space_Tenant__ChangeEvent","Date","","Change Event: Space Tenant"
"Start Date","Start_Date__c","TTS_Space_Tenant__ChangeEvent","Date","","Change Event: Space Tenant"
"Type","Type__c","TTS_Space_Tenant__ChangeEvent","Picklist","","Change Event: Space Tenant"
"Total Active Contacts","Total_Active_Contacts__c","TTS_Space_Tenant__ChangeEvent","Roll-Up Summary (COUNT Tenant Contact)","","Change Event: Space Tenant"
"Total Contacts","Total_Contacts__c","TTS_Space_Tenant__ChangeEvent","Roll-Up Summary (COUNT Tenant Contact)","","Change Event: Space Tenant"
"Current Tenant","Current_Tenant__c","TTS_Space_Tenant__ChangeEvent","Checkbox","","Change Event: Space Tenant"
"Tenant Name","Tenant_Name__c","TTS_Space_Tenant__ChangeEvent","Text(0)","Displays the name of the tenant using the type field of if the type field is not populated used the populated value, be that Account or Contact.","Change Event: Space Tenant"
"Change Event ID","Id","TTS_Success_Plans__ChangeEvent","Lookup()","","Change Event: Success Plan"
"Replay ID","ReplayId","TTS_Success_Plans__ChangeEvent","External Lookup","","Change Event: Success Plan"
"Change Event Header","ChangeEventHeader","TTS_Success_Plans__ChangeEvent","Complex Value","","Change Event: Success Plan"
"Owner","OwnerId","TTS_Success_Plans__ChangeEvent","Lookup(User,Group)","","Change Event: Success Plan"
"<Entity>","Name","TTS_Success_Plans__ChangeEvent","Text(80)","","Change Event: Success Plan"
"Created Date","CreatedDate","TTS_Success_Plans__ChangeEvent","Date/Time","","Change Event: Success Plan"
"Created By","CreatedById","TTS_Success_Plans__ChangeEvent","Lookup(User)","","Change Event: Success Plan"
"Last Modified Date","LastModifiedDate","TTS_Success_Plans__ChangeEvent","Date/Time","","Change Event: Success Plan"
"Last Modified By","LastModifiedById","TTS_Success_Plans__ChangeEvent","Lookup(User)","","Change Event: Success Plan"
"Object","Object__c","TTS_Success_Plans__ChangeEvent","Text(90)","","Change Event: Success Plan"
"Title","Title__c","TTS_Success_Plans__ChangeEvent","Text(255)","","Change Event: Success Plan"
"Change Event ID","Id","TTS_Technology__ChangeEvent","Lookup()","","Change Event: Technology"
"Replay ID","ReplayId","TTS_Technology__ChangeEvent","External Lookup","","Change Event: Technology"
"Change Event Header","ChangeEventHeader","TTS_Technology__ChangeEvent","Complex Value","","Change Event: Technology"
"Owner","OwnerId","TTS_Technology__ChangeEvent","Lookup(User,Group)","","Change Event: Technology"
"<Entity>","Name","TTS_Technology__ChangeEvent","Text(80)","","Change Event: Technology"
"Created Date","CreatedDate","TTS_Technology__ChangeEvent","Date/Time","","Change Event: Technology"
"Created By","CreatedById","TTS_Technology__ChangeEvent","Lookup(User)","","Change Event: Technology"
"Last Modified Date","LastModifiedDate","TTS_Technology__ChangeEvent","Date/Time","","Change Event: Technology"
"Last Modified By","LastModifiedById","TTS_Technology__ChangeEvent","Lookup(User)","","Change Event: Technology"
"Category","IP_Category__c","TTS_Technology__ChangeEvent","Picklist","","Change Event: Technology"
"Market Potential","IP_Commercial_Market__c","TTS_Technology__ChangeEvent","Long Text Area(32768)","","Change Event: Technology"
"Disclosure Date","IP_Disclosure_Date__c","TTS_Technology__ChangeEvent","Date","Date which the initial disclosure of IP was disclosed/created.","Change Event: Technology"
"Experimental Verification Detail","IP_Experimental_Verification_Detail__c","TTS_Technology__ChangeEvent","Long Text Area(130000)","","Change Event: Technology"
"Experimental Verification Complete","IP_Experimental_Verification__c","TTS_Technology__ChangeEvent","Checkbox","Confirms that experimental verification has taken place to verify the IP","Change Event: Technology"
"External Reference","IP_External_Reference__c","TTS_Technology__ChangeEvent","Text(255)  (External ID)","","Change Event: Technology"
"Future Publications","IP_Future_Publications__c","TTS_Technology__ChangeEvent","Long Text Area(32768)","","Change Event: Technology"
"Known Limitations","IP_Known_Limitations__c","TTS_Technology__ChangeEvent","Long Text Area(32768)","","Change Event: Technology"
"Known Risks","IP_Known_Risks__c","TTS_Technology__ChangeEvent","Long Text Area(32768)","","Change Event: Technology"
"Known Variations","IP_Known_Variations__c","TTS_Technology__ChangeEvent","Long Text Area(32768)","","Change Event: Technology"
"Materials Detail","IP_Materials__c","TTS_Technology__ChangeEvent","Long Text Area(32768)","","Change Event: Technology"
"Novelty/Newness","IP_Novelty__c","TTS_Technology__ChangeEvent","Long Text Area(32768)","","Change Event: Technology"
"Parent Technology","IP_ParentIP__c","TTS_Technology__ChangeEvent","Lookup(Technology)","","Change Event: Technology"
"Principal Inventor (PI)","IP_Principal_Inventor_PI__c","TTS_Technology__ChangeEvent","Lookup(Contact)","","Change Event: Technology"
"Prior Art","IP_Prior_Art__c","TTS_Technology__ChangeEvent","Checkbox","","Change Event: Technology"
"Prior Art Details","IP_Prior_Art_detail__c","TTS_Technology__ChangeEvent","Long Text Area(130000)","","Change Event: Technology"
"Public Disclosure Details","IP_Public_Disclosure_Details__c","TTS_Technology__ChangeEvent","Long Text Area(32768)","","Change Event: Technology"
"Public Disclosure Date","IP_Public_Disclosure__c","TTS_Technology__ChangeEvent","Date","","Change Event: Technology"
"Sponsored Program Detail","IP_Sponsored_Program_Detail__c","TTS_Technology__ChangeEvent","Long Text Area(32768)","","Change Event: Technology"
"Sponsored Program","IP_Sponsored_Program__c","TTS_Technology__ChangeEvent","Checkbox","","Change Event: Technology"
"Status","IP_Status__c","TTS_Technology__ChangeEvent","Picklist","","Change Event: Technology"
"Technical Description","IP_Technical_Description__c","TTS_Technology__ChangeEvent","Long Text Area(130000)","","Change Event: Technology"
"Technology Title","IP_Title__c","TTS_Technology__ChangeEvent","Text Area(255)","","Change Event: Technology"
"Utility Details","IP_Utility__c","TTS_Technology__ChangeEvent","Long Text Area(130000)","","Change Event: Technology"
"Non-Confidential Description","Non_Confidential_Description__c","TTS_Technology__ChangeEvent","Long Text Area(32768)","","Change Event: Technology"
"Technology Readiness Level (TRL)","TRL__c","TTS_Technology__ChangeEvent","Picklist","","Change Event: Technology"
"Trademark Classes","Trademark_Classes__c","TTS_Technology__ChangeEvent","Picklist (Multi-Select)","The Nice Classification (NCL), established by the Nice Agreement (1957), is an international classification of goods and services applied for the registration of marks.","Change Event: Technology"
"Total Percentage Share","IP_Total_Percentage_Share__c","TTS_Technology__ChangeEvent","Roll-Up Summary (SUM Inventor)","This is used primarily for validation of the child contribution records to ensure that the overall share is not more than 100%","Change Event: Technology"
"Total Primary Contributions","IP_Total_Primary_Contributions__c","TTS_Technology__ChangeEvent","Roll-Up Summary (COUNT Inventor)","This checks the number of child contributions records, marked as primary, is always 1 or 0. If this is greater than one a validation rule throws an error message.","Change Event: Technology"
"Compact Title","IP_Compact_Title__c","TTS_Technology__ChangeEvent","Text(0)","","Change Event: Technology"
"Change Event ID","Id","TTS_Space_Tenant_Contact__ChangeEvent","Lookup()","","Change Event: Tenant Contact"
"Replay ID","ReplayId","TTS_Space_Tenant_Contact__ChangeEvent","External Lookup","","Change Event: Tenant Contact"
"Change Event Header","ChangeEventHeader","TTS_Space_Tenant_Contact__ChangeEvent","Complex Value","","Change Event: Tenant Contact"
"<Entity>","Name","TTS_Space_Tenant_Contact__ChangeEvent","Text(80)","","Change Event: Tenant Contact"
"Created Date","CreatedDate","TTS_Space_Tenant_Contact__ChangeEvent","Date/Time","","Change Event: Tenant Contact"
"Created By","CreatedById","TTS_Space_Tenant_Contact__ChangeEvent","Lookup(User)","","Change Event: Tenant Contact"
"Last Modified Date","LastModifiedDate","TTS_Space_Tenant_Contact__ChangeEvent","Date/Time","","Change Event: Tenant Contact"
"Last Modified By","LastModifiedById","TTS_Space_Tenant_Contact__ChangeEvent","Lookup(User)","","Change Event: Tenant Contact"
"Space Tenant","Space_Tenant__c","TTS_Space_Tenant_Contact__ChangeEvent","Master-Detail(Space Tenant)","","Change Event: Tenant Contact"
"Contact","Contact__c","TTS_Space_Tenant_Contact__ChangeEvent","Lookup(Contact)","","Change Event: Tenant Contact"
"End Date","End_Date__c","TTS_Space_Tenant_Contact__ChangeEvent","Date","","Change Event: Tenant Contact"
"Is Current Contact","Is_Current_Contact__c","TTS_Space_Tenant_Contact__ChangeEvent","Checkbox","","Change Event: Tenant Contact"
"Is Primary Contact","Is_Primary_Contact__c","TTS_Space_Tenant_Contact__ChangeEvent","Checkbox","","Change Event: Tenant Contact"
"Start Date","Start_Date__c","TTS_Space_Tenant_Contact__ChangeEvent","Date","","Change Event: Tenant Contact"
"Change Event ID","Id","TTS_Trademark_Classes__ChangeEvent","Lookup()","","Change Event: Trademark Class"
"Replay ID","ReplayId","TTS_Trademark_Classes__ChangeEvent","External Lookup","","Change Event: Trademark Class"
"Change Event Header","ChangeEventHeader","TTS_Trademark_Classes__ChangeEvent","Complex Value","","Change Event: Trademark Class"
"Owner","OwnerId","TTS_Trademark_Classes__ChangeEvent","Lookup(User,Group)","","Change Event: Trademark Class"
"<Entity>","Name","TTS_Trademark_Classes__ChangeEvent","Text(80)","","Change Event: Trademark Class"
"Created Date","CreatedDate","TTS_Trademark_Classes__ChangeEvent","Date/Time","","Change Event: Trademark Class"
"Created By","CreatedById","TTS_Trademark_Classes__ChangeEvent","Lookup(User)","","Change Event: Trademark Class"
"Last Modified Date","LastModifiedDate","TTS_Trademark_Classes__ChangeEvent","Date/Time","","Change Event: Trademark Class"
"Last Modified By","LastModifiedById","TTS_Trademark_Classes__ChangeEvent","Lookup(User)","","Change Event: Trademark Class"
"Class Heading","Class_Heading__c","TTS_Trademark_Classes__ChangeEvent","Long Text Area(131072)","","Change Event: Trademark Class"
"Class Number","Class_Number__c","TTS_Trademark_Classes__ChangeEvent","Text(255)","","Change Event: Trademark Class"
"Change Event ID","Id","TTS_TrademarkIPAssociation__ChangeEvent","Lookup()","","Change Event: Trademark Class Association"
"Replay ID","ReplayId","TTS_TrademarkIPAssociation__ChangeEvent","External Lookup","","Change Event: Trademark Class Association"
"Change Event Header","ChangeEventHeader","TTS_TrademarkIPAssociation__ChangeEvent","Complex Value","","Change Event: Trademark Class Association"
"<Entity>","Name","TTS_TrademarkIPAssociation__ChangeEvent","Text(80)","","Change Event: Trademark Class Association"
"Created Date","CreatedDate","TTS_TrademarkIPAssociation__ChangeEvent","Date/Time","","Change Event: Trademark Class Association"
"Created By","CreatedById","TTS_TrademarkIPAssociation__ChangeEvent","Lookup(User)","","Change Event: Trademark Class Association"
"Last Modified Date","LastModifiedDate","TTS_TrademarkIPAssociation__ChangeEvent","Date/Time","","Change Event: Trademark Class Association"
"Last Modified By","LastModifiedById","TTS_TrademarkIPAssociation__ChangeEvent","Lookup(User)","","Change Event: Trademark Class Association"
"Trademark Classes","Trademark_Classes__c","TTS_TrademarkIPAssociation__ChangeEvent","Master-Detail(Trademark Class)","","Change Event: Trademark Class Association"
"Protection","Protection__c","TTS_TrademarkIPAssociation__ChangeEvent","Lookup(Protection)","","Change Event: Trademark Class Association"
"Change Event ID","Id","TTS_Transaction__ChangeEvent","Lookup()","","Change Event: Transaction"
"Replay ID","ReplayId","TTS_Transaction__ChangeEvent","External Lookup","","Change Event: Transaction"
"Change Event Header","ChangeEventHeader","TTS_Transaction__ChangeEvent","Complex Value","","Change Event: Transaction"
"Owner","OwnerId","TTS_Transaction__ChangeEvent","Lookup(User,Group)","","Change Event: Transaction"
"<Entity>","Name","TTS_Transaction__ChangeEvent","Text(80)","","Change Event: Transaction"
"Record Type","RecordTypeId","TTS_Transaction__ChangeEvent","Lookup(Record Type)","","Change Event: Transaction"
"Created Date","CreatedDate","TTS_Transaction__ChangeEvent","Date/Time","","Change Event: Transaction"
"Created By","CreatedById","TTS_Transaction__ChangeEvent","Lookup(User)","","Change Event: Transaction"
"Last Modified Date","LastModifiedDate","TTS_Transaction__ChangeEvent","Date/Time","","Change Event: Transaction"
"Last Modified By","LastModifiedById","TTS_Transaction__ChangeEvent","Lookup(User)","","Change Event: Transaction"
"Proposed Amount","Agreed_Amount__c","TTS_Transaction__ChangeEvent","Currency(16, 2)","","Change Event: Transaction"
"Agreement Deliverable","Agreement_Deliverable__c","TTS_Transaction__ChangeEvent","Lookup(Agreement Deliverable)","","Change Event: Transaction"
"Agreement Party","Agreement_Party__c","TTS_Transaction__ChangeEvent","Lookup(Agreement Party)","","Change Event: Transaction"
"Agreement","Agreement__c","TTS_Transaction__ChangeEvent","Lookup(Agreement)","","Change Event: Transaction"
"Campaign","Campaign__c","TTS_Transaction__ChangeEvent","Lookup(Campaign)","","Change Event: Transaction"
"Direction","Direction__c","TTS_Transaction__ChangeEvent","Picklist","","Change Event: Transaction"
"End Date/Time","End_Date_Time__c","TTS_Transaction__ChangeEvent","Date/Time","","Change Event: Transaction"
"Actual Amount","IP_Actual_Amount__c","TTS_Transaction__ChangeEvent","Currency(16, 2)","","Change Event: Transaction"
"Related Contract","IP_Contract__c","TTS_Transaction__ChangeEvent","Lookup(Contract)","","Change Event: Transaction"
"Expected Payment Date","IP_Expected_Payment_Date__c","TTS_Transaction__ChangeEvent","Date/Time","","Change Event: Transaction"
"External Payment Reference","IP_External_Payment_Reference__c","TTS_Transaction__ChangeEvent","Text(50)  (External ID)","","Change Event: Transaction"
"Internal Payment Reference","IP_Internal_Payment_Reference__c","TTS_Transaction__ChangeEvent","Text(50)  (External ID)","","Change Event: Transaction"
"Opportunity","IP_Opportunity__c","TTS_Transaction__ChangeEvent","Lookup(Opportunity)","","Change Event: Transaction"
"Purchase Order","IP_Purchase_Order__c","TTS_Transaction__ChangeEvent","Text(50)  (External ID)","","Change Event: Transaction"
"Technology","IP_Related_IP__c","TTS_Transaction__ChangeEvent","Lookup(Technology)","","Change Event: Transaction"
"Transaction Date/Time","IP_Transaction_Date_Time__c","TTS_Transaction__ChangeEvent","Date/Time","","Change Event: Transaction"
"Protection","Protection__c","TTS_Transaction__ChangeEvent","Lookup(Protection)","","Change Event: Transaction"
"Recurrence Frequency","Recurrence_Frequency__c","TTS_Transaction__ChangeEvent","Picklist","","Change Event: Transaction"
"Recurring","Recurring__c","TTS_Transaction__ChangeEvent","Checkbox","","Change Event: Transaction"
"Space","Space__c","TTS_Transaction__ChangeEvent","Lookup(Space)","","Change Event: Transaction"
"Start Date/Time","Start_Date_Time__c","TTS_Transaction__ChangeEvent","Date/Time","","Change Event: Transaction"
"Initial Transaction","Transaction__c","TTS_Transaction__ChangeEvent","Lookup(Transaction)","","Change Event: Transaction"
"Type","Type__c","TTS_Transaction__ChangeEvent","Picklist","","Change Event: Transaction"
"Record ID","Id","TTS_Contributor","Lookup()","","Contributor"
"Deleted","IsDeleted","TTS_Contributor","Checkbox","","Contributor"
"Contributor ID","Name","TTS_Contributor","Auto Number","","Contributor"
"Created Date","CreatedDate","TTS_Contributor","Date/Time","","Contributor"
"Created By","CreatedById","TTS_Contributor","Lookup(User)","","Contributor"
"Last Modified Date","LastModifiedDate","TTS_Contributor","Date/Time","","Contributor"
"Last Modified By","LastModifiedById","TTS_Contributor","Lookup(User)","","Contributor"
"System Modstamp","SystemModstamp","TTS_Contributor","Date/Time","","Contributor"
"Last Activity Date","LastActivityDate","TTS_Contributor","Date","","Contributor"
"Last Viewed Date","LastViewedDate","TTS_Contributor","Date/Time","","Contributor"
"Last Referenced Date","LastReferencedDate","TTS_Contributor","Date/Time","","Contributor"
"Object Access Level","UserRecordAccessId","TTS_Contributor","Lookup(User Record Access)","","Contributor"
"Transaction","IP_Related_Transaction__c","TTS_Contributor","Master-Detail(Transaction)","","Contributor"
"Account","Account__c","TTS_Contributor","Lookup(Account)","","Contributor"
"Amount","Amount__c","TTS_Contributor","Currency(16, 2)","","Contributor"
"Comments","Comments__c","TTS_Contributor","Long Text Area(32768)","","Contributor"
"Payment Reference","IP_Cont_Payment_Reference__c","TTS_Contributor","Text(50)  (External ID)","","Contributor"
"Contact","IP_Contact__c","TTS_Contributor","Lookup(Contact)","","Contributor"
"Date/Time","IP_Date_Time__c","TTS_Contributor","Date/Time","","Contributor"
"Record ID","Id","TTS_Disclosure","Lookup()","","Disclosure"
"Owner","OwnerId","TTS_Disclosure","Lookup(User,Group)","","Disclosure"
"Deleted","IsDeleted","TTS_Disclosure","Checkbox","","Disclosure"
"Disclosure ID","Name","TTS_Disclosure","Auto Number","","Disclosure"
"Created Date","CreatedDate","TTS_Disclosure","Date/Time","","Disclosure"
"Created By","CreatedById","TTS_Disclosure","Lookup(User)","","Disclosure"
"Last Modified Date","LastModifiedDate","TTS_Disclosure","Date/Time","","Disclosure"
"Last Modified By","LastModifiedById","TTS_Disclosure","Lookup(User)","","Disclosure"
"System Modstamp","SystemModstamp","TTS_Disclosure","Date/Time","","Disclosure"
"Last Activity Date","LastActivityDate","TTS_Disclosure","Date","","Disclosure"
"Last Viewed Date","LastViewedDate","TTS_Disclosure","Date/Time","","Disclosure"
"Last Referenced Date","LastReferencedDate","TTS_Disclosure","Date/Time","","Disclosure"
"Object Access Level","UserRecordAccessId","TTS_Disclosure","Lookup(User Record Access)","","Disclosure"
"Commercial Applications","Commercial_Applications__c","TTS_Disclosure","Long Text Area(130000)","","Disclosure"
"Contact","Contact__c","TTS_Disclosure","Lookup(Contact)","A relationship to the individual inventor or researcher disclosing of initial technology.","Disclosure"
"Current Protection Details","Current_Protection_Details__c","TTS_Disclosure","Long Text Area(130000)","","Disclosure"
"Current Protections","Current_Protections__c","TTS_Disclosure","Picklist (Multi-Select)","","Disclosure"
"Disclosure Description","Disclosure_Description__c","TTS_Disclosure","Rich Text Area(130000)","","Disclosure"
"Title","Disclosure_Title__c","TTS_Disclosure","Long Text Area(256)","","Disclosure"
"Disclosure date","Disclosure_date__c","TTS_Disclosure","Date","","Disclosure"
"External ID","External_ID__c","TTS_Disclosure","Text(200)  (External ID)","","Disclosure"
"Funding Details","Funding_Details__c","TTS_Disclosure","Long Text Area(32768)","","Disclosure"
"Funding Source","Funding_Source__c","TTS_Disclosure","Picklist","","Disclosure"
"Partnership/Collaboration Details","Partnership_Collaboration_Details__c","TTS_Disclosure","Long Text Area(32768)","","Disclosure"
"Status","Status__c","TTS_Disclosure","Picklist","","Disclosure"
"Technology","Technology__c","TTS_Disclosure","Lookup(Technology)","Related technologies that currently exist and are in the transfer process or have been proccesed.","Disclosure"
"Feed Item ID","Id","TTS_Technology__Feed","Lookup()","","Feed: Technology"
"Parent","ParentId","TTS_Technology__Feed","Lookup(Technology)","","Feed: Technology"
"Feed Item Type","Type","TTS_Technology__Feed","Picklist","","Feed: Technology"
"Created By","CreatedById","TTS_Technology__Feed","Lookup(User)","","Feed: Technology"
"Created Date","CreatedDate","TTS_Technology__Feed","Date/Time","","Feed: Technology"
"Deleted","IsDeleted","TTS_Technology__Feed","Checkbox","","Feed: Technology"
"Last Modified Date","LastModifiedDate","TTS_Technology__Feed","Date/Time","","Feed: Technology"
"System Modstamp","SystemModstamp","TTS_Technology__Feed","Date/Time","","Feed: Technology"
"Comment Count","CommentCount","TTS_Technology__Feed","Number(9, 0)","","Feed: Technology"
"Like Count","LikeCount","TTS_Technology__Feed","Number(9, 0)","","Feed: Technology"
"Title","Title","TTS_Technology__Feed","Text(255)","","Feed: Technology"
"Body","Body","TTS_Technology__Feed","Long Text Area(10000)","","Feed: Technology"
"Link Url","LinkUrl","TTS_Technology__Feed","URL(1000)","","Feed: Technology"
"Is Rich Text","IsRichText","TTS_Technology__Feed","Checkbox","","Feed: Technology"
"Related Record","RelatedRecordId","TTS_Technology__Feed","Lookup(Content Version,Thanks,Canvas Feed Item)","","Feed: Technology"
"Inserted By","InsertedById","TTS_Technology__Feed","Lookup(User)","","Feed: Technology"
"Best Comment","BestCommentId","TTS_Technology__Feed","Lookup(Feed Comment)","","Feed: Technology"
"Entity History ID","Id","TTS_Agreement__History","Lookup()","","History: Agreement"
"Deleted","IsDeleted","TTS_Agreement__History","Checkbox","","History: Agreement"
"Custom Object Record","ParentId","TTS_Agreement__History","Lookup(Agreement)","","History: Agreement"
"Created By","CreatedById","TTS_Agreement__History","Lookup(User)","","History: Agreement"
"Created Date","CreatedDate","TTS_Agreement__History","Date/Time","","History: Agreement"
"Changed Field","Field","TTS_Agreement__History","Picklist(Custom Field Definition,Custom Field Data Column)","","History: Agreement"
"Datatype","DataType","TTS_Agreement__History","Picklist","","History: Agreement"
"Old Value","OldValue","TTS_Agreement__History","Lookup","","History: Agreement"
"New Value","NewValue","TTS_Agreement__History","Lookup","","History: Agreement"
"Entity History ID","Id","TTS_Agreement_Party__History","Lookup()","","History: Agreement Party"
"Deleted","IsDeleted","TTS_Agreement_Party__History","Checkbox","","History: Agreement Party"
"Custom Object Record","ParentId","TTS_Agreement_Party__History","Lookup(Agreement Party)","","History: Agreement Party"
"Created By","CreatedById","TTS_Agreement_Party__History","Lookup(User)","","History: Agreement Party"
"Created Date","CreatedDate","TTS_Agreement_Party__History","Date/Time","","History: Agreement Party"
"Changed Field","Field","TTS_Agreement_Party__History","Picklist(Custom Field Definition,Custom Field Data Column)","","History: Agreement Party"
"Datatype","DataType","TTS_Agreement_Party__History","Picklist","","History: Agreement Party"
"Old Value","OldValue","TTS_Agreement_Party__History","Lookup","","History: Agreement Party"
"New Value","NewValue","TTS_Agreement_Party__History","Lookup","","History: Agreement Party"
"Entity History ID","Id","TTS_Applicant__History","Lookup()","","History: Applicant"
"Deleted","IsDeleted","TTS_Applicant__History","Checkbox","","History: Applicant"
"Custom Object Record","ParentId","TTS_Applicant__History","Lookup(Applicant)","","History: Applicant"
"Created By","CreatedById","TTS_Applicant__History","Lookup(User)","","History: Applicant"
"Created Date","CreatedDate","TTS_Applicant__History","Date/Time","","History: Applicant"
"Changed Field","Field","TTS_Applicant__History","Picklist(Custom Field Definition,Custom Field Data Column)","","History: Applicant"
"Datatype","DataType","TTS_Applicant__History","Picklist","","History: Applicant"
"Old Value","OldValue","TTS_Applicant__History","Lookup","","History: Applicant"
"New Value","NewValue","TTS_Applicant__History","Lookup","","History: Applicant"
"Entity History ID","Id","TTS_Contributor__History","Lookup()","","History: Contributor"
"Deleted","IsDeleted","TTS_Contributor__History","Checkbox","","History: Contributor"
"Custom Object Record","ParentId","TTS_Contributor__History","Lookup(Contributor)","","History: Contributor"
"Created By","CreatedById","TTS_Contributor__History","Lookup(User)","","History: Contributor"
"Created Date","CreatedDate","TTS_Contributor__History","Date/Time","","History: Contributor"
"Changed Field","Field","TTS_Contributor__History","Picklist(Custom Field Definition,Custom Field Data Column)","","History: Contributor"
"Datatype","DataType","TTS_Contributor__History","Picklist","","History: Contributor"
"Old Value","OldValue","TTS_Contributor__History","Lookup","","History: Contributor"
"New Value","NewValue","TTS_Contributor__History","Lookup","","History: Contributor"
"Entity History ID","Id","TTS_Disclosure__History","Lookup()","","History: Disclosure"
"Deleted","IsDeleted","TTS_Disclosure__History","Checkbox","","History: Disclosure"
"Custom Object Record","ParentId","TTS_Disclosure__History","Lookup(Disclosure)","","History: Disclosure"
"Created By","CreatedById","TTS_Disclosure__History","Lookup(User)","","History: Disclosure"
"Created Date","CreatedDate","TTS_Disclosure__History","Date/Time","","History: Disclosure"
"Changed Field","Field","TTS_Disclosure__History","Picklist(Custom Field Definition,Custom Field Data Column)","","History: Disclosure"
"Datatype","DataType","TTS_Disclosure__History","Picklist","","History: Disclosure"
"Old Value","OldValue","TTS_Disclosure__History","Lookup","","History: Disclosure"
"New Value","NewValue","TTS_Disclosure__History","Lookup","","History: Disclosure"
"Entity History ID","Id","TTS_Inventor__History","Lookup()","","History: Inventor"
"Deleted","IsDeleted","TTS_Inventor__History","Checkbox","","History: Inventor"
"Custom Object Record","ParentId","TTS_Inventor__History","Lookup(Inventor)","","History: Inventor"
"Created By","CreatedById","TTS_Inventor__History","Lookup(User)","","History: Inventor"
"Created Date","CreatedDate","TTS_Inventor__History","Date/Time","","History: Inventor"
"Changed Field","Field","TTS_Inventor__History","Picklist(Custom Field Definition,Custom Field Data Column)","","History: Inventor"
"Datatype","DataType","TTS_Inventor__History","Picklist","","History: Inventor"
"Old Value","OldValue","TTS_Inventor__History","Lookup","","History: Inventor"
"New Value","NewValue","TTS_Inventor__History","Lookup","","History: Inventor"
"Entity History ID","Id","TTS_Mentoring_Interest__History","Lookup()","","History: Mentoring Interest"
"Deleted","IsDeleted","TTS_Mentoring_Interest__History","Checkbox","","History: Mentoring Interest"
"Custom Object Record","ParentId","TTS_Mentoring_Interest__History","Lookup(Mentoring Interest)","","History: Mentoring Interest"
"Created By","CreatedById","TTS_Mentoring_Interest__History","Lookup(User)","","History: Mentoring Interest"
"Created Date","CreatedDate","TTS_Mentoring_Interest__History","Date/Time","","History: Mentoring Interest"
"Changed Field","Field","TTS_Mentoring_Interest__History","Picklist(Custom Field Definition,Custom Field Data Column)","","History: Mentoring Interest"
"Datatype","DataType","TTS_Mentoring_Interest__History","Picklist","","History: Mentoring Interest"
"Old Value","OldValue","TTS_Mentoring_Interest__History","Lookup","","History: Mentoring Interest"
"New Value","NewValue","TTS_Mentoring_Interest__History","Lookup","","History: Mentoring Interest"
"Entity History ID","Id","TTS_Mentoring_Opportunity__History","Lookup()","","History: Mentoring Opportunity"
"Deleted","IsDeleted","TTS_Mentoring_Opportunity__History","Checkbox","","History: Mentoring Opportunity"
"Custom Object Record","ParentId","TTS_Mentoring_Opportunity__History","Lookup(Mentoring Opportunity)","","History: Mentoring Opportunity"
"Created By","CreatedById","TTS_Mentoring_Opportunity__History","Lookup(User)","","History: Mentoring Opportunity"
"Created Date","CreatedDate","TTS_Mentoring_Opportunity__History","Date/Time","","History: Mentoring Opportunity"
"Changed Field","Field","TTS_Mentoring_Opportunity__History","Picklist(Custom Field Definition,Custom Field Data Column)","","History: Mentoring Opportunity"
"Datatype","DataType","TTS_Mentoring_Opportunity__History","Picklist","","History: Mentoring Opportunity"
"Old Value","OldValue","TTS_Mentoring_Opportunity__History","Lookup","","History: Mentoring Opportunity"
"New Value","NewValue","TTS_Mentoring_Opportunity__History","Lookup","","History: Mentoring Opportunity"
"Entity History ID","Id","TTS_Protection__History","Lookup()","","History: Protection"
"Deleted","IsDeleted","TTS_Protection__History","Checkbox","","History: Protection"
"Custom Object Record","ParentId","TTS_Protection__History","Lookup(Protection)","","History: Protection"
"Created By","CreatedById","TTS_Protection__History","Lookup(User)","","History: Protection"
"Created Date","CreatedDate","TTS_Protection__History","Date/Time","","History: Protection"
"Changed Field","Field","TTS_Protection__History","Picklist(Custom Field Definition,Custom Field Data Column)","","History: Protection"
"Datatype","DataType","TTS_Protection__History","Picklist","","History: Protection"
"Old Value","OldValue","TTS_Protection__History","Lookup","","History: Protection"
"New Value","NewValue","TTS_Protection__History","Lookup","","History: Protection"
"Entity History ID","Id","TTS_Protection_Claim__History","Lookup()","","History: Protection Claim"
"Deleted","IsDeleted","TTS_Protection_Claim__History","Checkbox","","History: Protection Claim"
"Custom Object Record","ParentId","TTS_Protection_Claim__History","Lookup(Protection Claim)","","History: Protection Claim"
"Created By","CreatedById","TTS_Protection_Claim__History","Lookup(User)","","History: Protection Claim"
"Created Date","CreatedDate","TTS_Protection_Claim__History","Date/Time","","History: Protection Claim"
"Changed Field","Field","TTS_Protection_Claim__History","Picklist(Custom Field Definition,Custom Field Data Column)","","History: Protection Claim"
"Datatype","DataType","TTS_Protection_Claim__History","Picklist","","History: Protection Claim"
"Old Value","OldValue","TTS_Protection_Claim__History","Lookup","","History: Protection Claim"
"New Value","NewValue","TTS_Protection_Claim__History","Lookup","","History: Protection Claim"
"Entity History ID","Id","TTS_Protection_Family__History","Lookup()","","History: Protection Family"
"Deleted","IsDeleted","TTS_Protection_Family__History","Checkbox","","History: Protection Family"
"Custom Object Record","ParentId","TTS_Protection_Family__History","Lookup(Protection Family)","","History: Protection Family"
"Created By","CreatedById","TTS_Protection_Family__History","Lookup(User)","","History: Protection Family"
"Created Date","CreatedDate","TTS_Protection_Family__History","Date/Time","","History: Protection Family"
"Changed Field","Field","TTS_Protection_Family__History","Picklist(Custom Field Definition,Custom Field Data Column)","","History: Protection Family"
"Datatype","DataType","TTS_Protection_Family__History","Picklist","","History: Protection Family"
"Old Value","OldValue","TTS_Protection_Family__History","Lookup","","History: Protection Family"
"New Value","NewValue","TTS_Protection_Family__History","Lookup","","History: Protection Family"
"Entity History ID","Id","TTS_Protection_Litigation__History","Lookup()","","History: Protection Litigation"
"Deleted","IsDeleted","TTS_Protection_Litigation__History","Checkbox","","History: Protection Litigation"
"Custom Object Record","ParentId","TTS_Protection_Litigation__History","Lookup(Protection Litigation)","","History: Protection Litigation"
"Created By","CreatedById","TTS_Protection_Litigation__History","Lookup(User)","","History: Protection Litigation"
"Created Date","CreatedDate","TTS_Protection_Litigation__History","Date/Time","","History: Protection Litigation"
"Changed Field","Field","TTS_Protection_Litigation__History","Picklist(Custom Field Definition,Custom Field Data Column)","","History: Protection Litigation"
"Datatype","DataType","TTS_Protection_Litigation__History","Picklist","","History: Protection Litigation"
"Old Value","OldValue","TTS_Protection_Litigation__History","Lookup","","History: Protection Litigation"
"New Value","NewValue","TTS_Protection_Litigation__History","Lookup","","History: Protection Litigation"
"Entity History ID","Id","TTS_Recipient__History","Lookup()","","History: Recipient"
"Deleted","IsDeleted","TTS_Recipient__History","Checkbox","","History: Recipient"
"Custom Object Record","ParentId","TTS_Recipient__History","Lookup(Recipient)","","History: Recipient"
"Created By","CreatedById","TTS_Recipient__History","Lookup(User)","","History: Recipient"
"Created Date","CreatedDate","TTS_Recipient__History","Date/Time","","History: Recipient"
"Changed Field","Field","TTS_Recipient__History","Picklist(Custom Field Definition,Custom Field Data Column)","","History: Recipient"
"Datatype","DataType","TTS_Recipient__History","Picklist","","History: Recipient"
"Old Value","OldValue","TTS_Recipient__History","Lookup","","History: Recipient"
"New Value","NewValue","TTS_Recipient__History","Lookup","","History: Recipient"
"Entity History ID","Id","TTS_Space__History","Lookup()","","History: Space"
"Deleted","IsDeleted","TTS_Space__History","Checkbox","","History: Space"
"Custom Object Record","ParentId","TTS_Space__History","Lookup(Space)","","History: Space"
"Created By","CreatedById","TTS_Space__History","Lookup(User)","","History: Space"
"Created Date","CreatedDate","TTS_Space__History","Date/Time","","History: Space"
"Changed Field","Field","TTS_Space__History","Picklist(Custom Field Definition,Custom Field Data Column)","","History: Space"
"Datatype","DataType","TTS_Space__History","Picklist","","History: Space"
"Old Value","OldValue","TTS_Space__History","Lookup","","History: Space"
"New Value","NewValue","TTS_Space__History","Lookup","","History: Space"
"Entity History ID","Id","TTS_Space_Asset__History","Lookup()","","History: Space Asset"
"Deleted","IsDeleted","TTS_Space_Asset__History","Checkbox","","History: Space Asset"
"Custom Object Record","ParentId","TTS_Space_Asset__History","Lookup(Space Asset)","","History: Space Asset"
"Created By","CreatedById","TTS_Space_Asset__History","Lookup(User)","","History: Space Asset"
"Created Date","CreatedDate","TTS_Space_Asset__History","Date/Time","","History: Space Asset"
"Changed Field","Field","TTS_Space_Asset__History","Picklist(Custom Field Definition,Custom Field Data Column)","","History: Space Asset"
"Datatype","DataType","TTS_Space_Asset__History","Picklist","","History: Space Asset"
"Old Value","OldValue","TTS_Space_Asset__History","Lookup","","History: Space Asset"
"New Value","NewValue","TTS_Space_Asset__History","Lookup","","History: Space Asset"
"Entity History ID","Id","TTS_Space_Tenant__History","Lookup()","","History: Space Tenant"
"Deleted","IsDeleted","TTS_Space_Tenant__History","Checkbox","","History: Space Tenant"
"Custom Object Record","ParentId","TTS_Space_Tenant__History","Lookup(Space Tenant)","","History: Space Tenant"
"Created By","CreatedById","TTS_Space_Tenant__History","Lookup(User)","","History: Space Tenant"
"Created Date","CreatedDate","TTS_Space_Tenant__History","Date/Time","","History: Space Tenant"
"Changed Field","Field","TTS_Space_Tenant__History","Picklist(Custom Field Definition,Custom Field Data Column)","","History: Space Tenant"
"Datatype","DataType","TTS_Space_Tenant__History","Picklist","","History: Space Tenant"
"Old Value","OldValue","TTS_Space_Tenant__History","Lookup","","History: Space Tenant"
"New Value","NewValue","TTS_Space_Tenant__History","Lookup","","History: Space Tenant"
"Entity History ID","Id","TTS_Technology__History","Lookup()","","History: Technology"
"Deleted","IsDeleted","TTS_Technology__History","Checkbox","","History: Technology"
"Custom Object Record","ParentId","TTS_Technology__History","Lookup(Technology)","","History: Technology"
"Created By","CreatedById","TTS_Technology__History","Lookup(User)","","History: Technology"
"Created Date","CreatedDate","TTS_Technology__History","Date/Time","","History: Technology"
"Changed Field","Field","TTS_Technology__History","Picklist(Custom Field Definition,Custom Field Data Column)","","History: Technology"
"Datatype","DataType","TTS_Technology__History","Picklist","","History: Technology"
"Old Value","OldValue","TTS_Technology__History","Lookup","","History: Technology"
"New Value","NewValue","TTS_Technology__History","Lookup","","History: Technology"
"Entity History ID","Id","TTS_Space_Tenant_Contact__History","Lookup()","","History: Tenant Contact"
"Deleted","IsDeleted","TTS_Space_Tenant_Contact__History","Checkbox","","History: Tenant Contact"
"Custom Object Record","ParentId","TTS_Space_Tenant_Contact__History","Lookup(Tenant Contact)","","History: Tenant Contact"
"Created By","CreatedById","TTS_Space_Tenant_Contact__History","Lookup(User)","","History: Tenant Contact"
"Created Date","CreatedDate","TTS_Space_Tenant_Contact__History","Date/Time","","History: Tenant Contact"
"Changed Field","Field","TTS_Space_Tenant_Contact__History","Picklist(Custom Field Definition,Custom Field Data Column)","","History: Tenant Contact"
"Datatype","DataType","TTS_Space_Tenant_Contact__History","Picklist","","History: Tenant Contact"
"Old Value","OldValue","TTS_Space_Tenant_Contact__History","Lookup","","History: Tenant Contact"
"New Value","NewValue","TTS_Space_Tenant_Contact__History","Lookup","","History: Tenant Contact"
"Entity History ID","Id","TTS_Transaction__History","Lookup()","","History: Transaction"
"Deleted","IsDeleted","TTS_Transaction__History","Checkbox","","History: Transaction"
"Custom Object Record","ParentId","TTS_Transaction__History","Lookup(Transaction)","","History: Transaction"
"Created By","CreatedById","TTS_Transaction__History","Lookup(User)","","History: Transaction"
"Created Date","CreatedDate","TTS_Transaction__History","Date/Time","","History: Transaction"
"Changed Field","Field","TTS_Transaction__History","Picklist(Custom Field Definition,Custom Field Data Column)","","History: Transaction"
"Datatype","DataType","TTS_Transaction__History","Picklist","","History: Transaction"
"Old Value","OldValue","TTS_Transaction__History","Lookup","","History: Transaction"
"New Value","NewValue","TTS_Transaction__History","Lookup","","History: Transaction"
"Record ID","Id","TTS_Inventor","Lookup()","","Inventor"
"Deleted","IsDeleted","TTS_Inventor","Checkbox","","Inventor"
"Inventor ID","Name","TTS_Inventor","Auto Number","","Inventor"
"Created Date","CreatedDate","TTS_Inventor","Date/Time","","Inventor"
"Created By","CreatedById","TTS_Inventor","Lookup(User)","","Inventor"
"Last Modified Date","LastModifiedDate","TTS_Inventor","Date/Time","","Inventor"
"Last Modified By","LastModifiedById","TTS_Inventor","Lookup(User)","","Inventor"
"System Modstamp","SystemModstamp","TTS_Inventor","Date/Time","","Inventor"
"Last Activity Date","LastActivityDate","TTS_Inventor","Date","","Inventor"
"Last Viewed Date","LastViewedDate","TTS_Inventor","Date/Time","","Inventor"
"Last Referenced Date","LastReferencedDate","TTS_Inventor","Date/Time","","Inventor"
"Object Access Level","UserRecordAccessId","TTS_Inventor","Lookup(User Record Access)","","Inventor"
"IP","IP_Contribution__c","TTS_Inventor","Master-Detail(Technology)","","Inventor"
"Alternative Distribution","IP_AlternativeContact__c","TTS_Inventor","Lookup(Contact)","Lookup to Contact object","Inventor"
"Contribution Description","IP_Contribution_Description__c","TTS_Inventor","Long Text Area(32768)","","Inventor"
"Role","IP_Contribution_Role__c","TTS_Inventor","Picklist","","Inventor"
"Is Primary","IP_Is_Primary__c","TTS_Inventor","Checkbox","","Inventor"
"Original Inventor","IP_Original_Inventor_Name__c","TTS_Inventor","Lookup(Contact)","Lookup to contact object.","Inventor"
"Percentage Share","Percentage_Share__c","TTS_Inventor","Number(3, 1)","","Inventor"
"Inventor","IP_Inventor__c","TTS_Inventor","Formula (Text)","","Inventor"
"Record ID","Id","TTS_Mentoring_Interest","Lookup()","","Mentoring Interest"
"Deleted","IsDeleted","TTS_Mentoring_Interest","Checkbox","","Mentoring Interest"
"Mentoring Interest ID","Name","TTS_Mentoring_Interest","Auto Number","","Mentoring Interest"
"Created Date","CreatedDate","TTS_Mentoring_Interest","Date/Time","","Mentoring Interest"
"Created By","CreatedById","TTS_Mentoring_Interest","Lookup(User)","","Mentoring Interest"
"Last Modified Date","LastModifiedDate","TTS_Mentoring_Interest","Date/Time","","Mentoring Interest"
"Last Modified By","LastModifiedById","TTS_Mentoring_Interest","Lookup(User)","","Mentoring Interest"
"System Modstamp","SystemModstamp","TTS_Mentoring_Interest","Date/Time","","Mentoring Interest"
"Last Activity Date","LastActivityDate","TTS_Mentoring_Interest","Date","","Mentoring Interest"
"Last Viewed Date","LastViewedDate","TTS_Mentoring_Interest","Date/Time","","Mentoring Interest"
"Last Referenced Date","LastReferencedDate","TTS_Mentoring_Interest","Date/Time","","Mentoring Interest"
"Object Access Level","UserRecordAccessId","TTS_Mentoring_Interest","Lookup(User Record Access)","","Mentoring Interest"
"Mentoring Opportunity","Mentoring_Opportunity__c","TTS_Mentoring_Interest","Master-Detail(Mentoring Opportunity)","","Mentoring Interest"
"Mentor","Contact__c","TTS_Mentoring_Interest","Lookup(Contact)","","Mentoring Interest"
"Ranking","Ranking__c","TTS_Mentoring_Interest","Picklist","","Mentoring Interest"
"Selected Mentor","Selected_Mentor__c","TTS_Mentoring_Interest","Checkbox","","Mentoring Interest"
"Status","Status__c","TTS_Mentoring_Interest","Picklist","","Mentoring Interest"
"Record ID","Id","TTS_Mentoring_Opportunity","Lookup()","","Mentoring Opportunity"
"Owner","OwnerId","TTS_Mentoring_Opportunity","Lookup(User,Group)","","Mentoring Opportunity"
"Deleted","IsDeleted","TTS_Mentoring_Opportunity","Checkbox","","Mentoring Opportunity"
"Opportunity ID","Name","TTS_Mentoring_Opportunity","Auto Number","","Mentoring Opportunity"
"Created Date","CreatedDate","TTS_Mentoring_Opportunity","Date/Time","","Mentoring Opportunity"
"Created By","CreatedById","TTS_Mentoring_Opportunity","Lookup(User)","","Mentoring Opportunity"
"Last Modified Date","LastModifiedDate","TTS_Mentoring_Opportunity","Date/Time","","Mentoring Opportunity"
"Last Modified By","LastModifiedById","TTS_Mentoring_Opportunity","Lookup(User)","","Mentoring Opportunity"
"System Modstamp","SystemModstamp","TTS_Mentoring_Opportunity","Date/Time","","Mentoring Opportunity"
"Last Activity Date","LastActivityDate","TTS_Mentoring_Opportunity","Date","","Mentoring Opportunity"
"Last Viewed Date","LastViewedDate","TTS_Mentoring_Opportunity","Date/Time","","Mentoring Opportunity"
"Last Referenced Date","LastReferencedDate","TTS_Mentoring_Opportunity","Date/Time","","Mentoring Opportunity"
"Object Access Level","UserRecordAccessId","TTS_Mentoring_Opportunity","Lookup(User Record Access)","","Mentoring Opportunity"
"Applicable Industries","Applicable_Industries__c","TTS_Mentoring_Opportunity","Picklist (Multi-Select)","","Mentoring Opportunity"
"Expiry Date","Expiry_Date__c","TTS_Mentoring_Opportunity","Date","","Mentoring Opportunity"
"Mentee","Mentee__c","TTS_Mentoring_Opportunity","Lookup(Contact)","","Mentoring Opportunity"
"Mentor","Mentor__c","TTS_Mentoring_Opportunity","Lookup(Contact)","","Mentoring Opportunity"
"Mentoring End Date","Mentoring_End_Date__c","TTS_Mentoring_Opportunity","Date","","Mentoring Opportunity"
"Mentoring Start Date","Mentoring_Start_Date__c","TTS_Mentoring_Opportunity","Date","","Mentoring Opportunity"
"Overview","Overview__c","TTS_Mentoring_Opportunity","Long Text Area(32768)","","Mentoring Opportunity"
"Requested Skills","Requested_Skills__c","TTS_Mentoring_Opportunity","Picklist (Multi-Select)","","Mentoring Opportunity"
"Stage","Stage__c","TTS_Mentoring_Opportunity","Picklist","","Mentoring Opportunity"
"Total Selected Interests","Total_Selected_Interests__c","TTS_Mentoring_Opportunity","Roll-Up Summary (COUNT Mentoring Interest)","Hidden Field Used for validation. There can only be 1 selected mentor from the related mentoring interests","Mentoring Opportunity"
"Record ID","Id","TTS_Milestone","Lookup()","","Milestone"
"Owner","OwnerId","TTS_Milestone","Lookup(User,Group)","","Milestone"
"Deleted","IsDeleted","TTS_Milestone","Checkbox","","Milestone"
"Milestone ID","Name","TTS_Milestone","Auto Number","","Milestone"
"Created Date","CreatedDate","TTS_Milestone","Date/Time","","Milestone"
"Created By","CreatedById","TTS_Milestone","Lookup(User)","","Milestone"
"Last Modified Date","LastModifiedDate","TTS_Milestone","Date/Time","","Milestone"
"Last Modified By","LastModifiedById","TTS_Milestone","Lookup(User)","","Milestone"
"System Modstamp","SystemModstamp","TTS_Milestone","Date/Time","","Milestone"
"Last Viewed Date","LastViewedDate","TTS_Milestone","Date/Time","","Milestone"
"Last Referenced Date","LastReferencedDate","TTS_Milestone","Date/Time","","Milestone"
"Object Access Level","UserRecordAccessId","TTS_Milestone","Lookup(User Record Access)","","Milestone"
"Amount","Amount__c","TTS_Milestone","Number(18, 0)","","Milestone"
"Date Field","Date_Field__c","TTS_Milestone","Text(90)","","Milestone"
"Date","Date__c","TTS_Milestone","Picklist","","Milestone"
"Description","IP_Milestone_Description__c","TTS_Milestone","Long Text Area(131072)","","Milestone"
"Number of Days","Number_of_Days__c","TTS_Milestone","Number(18, 0)","Total Number of Task associated to this Milestone.","Milestone"
"Subject","Subject__c","TTS_Milestone","Text Area(255)","","Milestone"
"Success Plans","Success_Plans__c","TTS_Milestone","Lookup(Success Plan)","","Milestone"
"Unit","Unit__c","TTS_Milestone","Picklist","","Milestone"
"When","When__c","TTS_Milestone","Picklist","When determines the date which the milestone should be completed before, after, or on in conjunction with the Days field.","Milestone"
"Who","Who__c","TTS_Milestone","Lookup(Contact)","The contact which is assigned the task.","Milestone"
"Record ID","Id","TTS_Protection","Lookup()","","Protection"
"Owner","OwnerId","TTS_Protection","Lookup(User,Group)","","Protection"
"Deleted","IsDeleted","TTS_Protection","Checkbox","","Protection"
"Protection ID","Name","TTS_Protection","Auto Number","","Protection"
"Record Type","RecordTypeId","TTS_Protection","Record Type","","Protection"
"Created Date","CreatedDate","TTS_Protection","Date/Time","","Protection"
"Created By","CreatedById","TTS_Protection","Lookup(User)","","Protection"
"Last Modified Date","LastModifiedDate","TTS_Protection","Date/Time","","Protection"
"Last Modified By","LastModifiedById","TTS_Protection","Lookup(User)","","Protection"
"System Modstamp","SystemModstamp","TTS_Protection","Date/Time","","Protection"
"Last Activity Date","LastActivityDate","TTS_Protection","Date","","Protection"
"Last Viewed Date","LastViewedDate","TTS_Protection","Date/Time","","Protection"
"Last Referenced Date","LastReferencedDate","TTS_Protection","Date/Time","","Protection"
"Object Access Level","UserRecordAccessId","TTS_Protection","Lookup(User Record Access)","","Protection"
"Protection Owner (Account)","Account__c","TTS_Protection","Lookup(Account)","","Protection"
"Attorney Reference ID","Attorney_Reference_ID__c","TTS_Protection","Text(30)","","Protection"
"Attorney Contact","Attorney__c","TTS_Protection","Lookup(Contact)","","Protection"
"Copyright Author","Contact__c","TTS_Protection","Lookup(Contact)","","Protection"
"Date of Creation","Date_of_Creation__c","TTS_Protection","Date","","Protection"
"Description","Description__c","TTS_Protection","Long Text Area(131072)","","Protection"
"Examination Date","Examination_Date__c","TTS_Protection","Date","","Protection"
"Filing Date","Filing_Date__c","TTS_Protection","Date","","Protection"
"Issuance Date","Issuance_Date__c","TTS_Protection","Date","","Protection"
"Jurisdiction","Jurisdiction__c","TTS_Protection","Picklist","","Protection"
"Patent Application Number","Patent_Application_Number__c","TTS_Protection","Text(200)","","Protection"
"Patent Application Type","Patent_Application_Type__c","TTS_Protection","Picklist","","Protection"
"Patent Classification (IPC)","Patent_Classification__c","TTS_Protection","Text(100)","","Protection"
"Patent Term","Patent_Term__c","TTS_Protection","Number(3, 1)","","Protection"
"Patent Number","Patent_number__c","TTS_Protection","Text(100)  (External ID) (Unique Case Insensitive)","","Protection"
"Priority Date","Priority_Date__c","TTS_Protection","Date","","Protection"
"Protection Family","Protection_Family__c","TTS_Protection","Lookup(Protection Family)","","Protection"
"Protection Owner (Individual)","Protection_Owner_Individual__c","TTS_Protection","Lookup(Contact)","","Protection"
"Status","Protection_Status__c","TTS_Protection","Picklist","","Protection"
"Publication Date","Publication_Date__c","TTS_Protection","Date","","Protection"
"Registered","Registered__c","TTS_Protection","Checkbox","","Protection"
"Registration date","Registration_date__c","TTS_Protection","Date","","Protection"
"Renewal date","Renewal_date__c","TTS_Protection","Date","","Protection"
"Stage","Stage__c","TTS_Protection","Picklist","","Protection"
"Technology","Technology__c","TTS_Protection","Lookup(Technology)","","Protection"
"Title","Title__c","TTS_Protection","Text(244)","","Protection"
"Trademark registration number","Trademark_registration_number__c","TTS_Protection","Text(100)  (External ID) (Unique Case Insensitive)","","Protection"
"Type","Type__c","TTS_Protection","Picklist","","Protection"
"US Patent Classification","United_States_Patent_Classification__c","TTS_Protection","Text(100)","","Protection"
"Work Format","Work_Format__c","TTS_Protection","Picklist","","Protection"
"Total Active Litigations","Total_Active_Litigations__c","TTS_Protection","Roll-Up Summary (COUNT Protection Litigation)","","Protection"
"Expiration Date","Expiration_Date__c","TTS_Protection","Formula (Date)","","Protection"
"Work Format Detail","Work_Format_Detail__c","TTS_Protection","Picklist","","Protection"
"Record ID","Id","TTS_Protection_Claim","Lookup()","","Protection Claim"
"Deleted","IsDeleted","TTS_Protection_Claim","Checkbox","","Protection Claim"
"Protection Claim ID","Name","TTS_Protection_Claim","Auto Number","","Protection Claim"
"Created Date","CreatedDate","TTS_Protection_Claim","Date/Time","","Protection Claim"
"Created By","CreatedById","TTS_Protection_Claim","Lookup(User)","","Protection Claim"
"Last Modified Date","LastModifiedDate","TTS_Protection_Claim","Date/Time","","Protection Claim"
"Last Modified By","LastModifiedById","TTS_Protection_Claim","Lookup(User)","","Protection Claim"
"System Modstamp","SystemModstamp","TTS_Protection_Claim","Date/Time","","Protection Claim"
"Last Activity Date","LastActivityDate","TTS_Protection_Claim","Date","","Protection Claim"
"Last Viewed Date","LastViewedDate","TTS_Protection_Claim","Date/Time","","Protection Claim"
"Last Referenced Date","LastReferencedDate","TTS_Protection_Claim","Date/Time","","Protection Claim"
"Object Access Level","UserRecordAccessId","TTS_Protection_Claim","Lookup(User Record Access)","","Protection Claim"
"Patent","Protection__c","TTS_Protection_Claim","Master-Detail(Protection)","","Protection Claim"
"Claim","Claim__c","TTS_Protection_Claim","Long Text Area(131072)","","Protection Claim"
"Status","Status__c","TTS_Protection_Claim","Picklist","","Protection Claim"
"Record ID","Id","TTS_Protection_Family","Lookup()","","Protection Family"
"Owner","OwnerId","TTS_Protection_Family","Lookup(User,Group)","","Protection Family"
"Deleted","IsDeleted","TTS_Protection_Family","Checkbox","","Protection Family"
"Protection Family ID","Name","TTS_Protection_Family","Auto Number","","Protection Family"
"Created Date","CreatedDate","TTS_Protection_Family","Date/Time","","Protection Family"
"Created By","CreatedById","TTS_Protection_Family","Lookup(User)","","Protection Family"
"Last Modified Date","LastModifiedDate","TTS_Protection_Family","Date/Time","","Protection Family"
"Last Modified By","LastModifiedById","TTS_Protection_Family","Lookup(User)","","Protection Family"
"System Modstamp","SystemModstamp","TTS_Protection_Family","Date/Time","","Protection Family"
"Last Activity Date","LastActivityDate","TTS_Protection_Family","Date","","Protection Family"
"Last Viewed Date","LastViewedDate","TTS_Protection_Family","Date/Time","","Protection Family"
"Last Referenced Date","LastReferencedDate","TTS_Protection_Family","Date/Time","","Protection Family"
"Object Access Level","UserRecordAccessId","TTS_Protection_Family","Lookup(User Record Access)","","Protection Family"
"Additional notes","Additional_notes__c","TTS_Protection_Family","Long Text Area(32768)","","Protection Family"
"Earliest Priority Date","Earliest_Priority_Date__c","TTS_Protection_Family","Date","","Protection Family"
"Name/Reference","Name_Reference__c","TTS_Protection_Family","Text(200)","","Protection Family"
"Technology","Technology__c","TTS_Protection_Family","Lookup(Technology)","","Protection Family"
"Record ID","Id","TTS_Protection_Litigation","Lookup()","","Protection Litigation"
"Deleted","IsDeleted","TTS_Protection_Litigation","Checkbox","","Protection Litigation"
"Litigation ID","Name","TTS_Protection_Litigation","Auto Number","","Protection Litigation"
"Created Date","CreatedDate","TTS_Protection_Litigation","Date/Time","","Protection Litigation"
"Created By","CreatedById","TTS_Protection_Litigation","Lookup(User)","","Protection Litigation"
"Last Modified Date","LastModifiedDate","TTS_Protection_Litigation","Date/Time","","Protection Litigation"
"Last Modified By","LastModifiedById","TTS_Protection_Litigation","Lookup(User)","","Protection Litigation"
"System Modstamp","SystemModstamp","TTS_Protection_Litigation","Date/Time","","Protection Litigation"
"Last Activity Date","LastActivityDate","TTS_Protection_Litigation","Date","","Protection Litigation"
"Last Viewed Date","LastViewedDate","TTS_Protection_Litigation","Date/Time","","Protection Litigation"
"Last Referenced Date","LastReferencedDate","TTS_Protection_Litigation","Date/Time","","Protection Litigation"
"Object Access Level","UserRecordAccessId","TTS_Protection_Litigation","Lookup(User Record Access)","","Protection Litigation"
"Protection","Protection__c","TTS_Protection_Litigation","Master-Detail(Protection)","","Protection Litigation"
"Appeal Status","Appeal_Status__c","TTS_Protection_Litigation","Picklist","","Protection Litigation"
"Plaintiff","Applicant__c","TTS_Protection_Litigation","Lookup(Applicant)","","Protection Litigation"
"Case Number/Reference","Case_Number_Reference__c","TTS_Protection_Litigation","Text(100)","","Protection Litigation"
"Case Outcome","Case_Outcome__c","TTS_Protection_Litigation","Picklist","","Protection Litigation"
"Court","Court__c","TTS_Protection_Litigation","Text(244)","","Protection Litigation"
"Damages Awarded","Damages_Awarded__c","TTS_Protection_Litigation","Currency(16, 2)","","Protection Litigation"
"Damages Sought","Damages_Sought__c","TTS_Protection_Litigation","Currency(16, 2)","","Protection Litigation"
"Defendant","Defendant__c","TTS_Protection_Litigation","Text(244)","","Protection Litigation"
"Filing Date","Filing_Date__c","TTS_Protection_Litigation","Date","","Protection Litigation"
"Plaintiff","Plaintiff__c","TTS_Protection_Litigation","Text(244)","","Protection Litigation"
"Settlement Amount","Settlement_Amount__c","TTS_Protection_Litigation","Currency(16, 2)","","Protection Litigation"
"Settlement Date","Settlement_Date__c","TTS_Protection_Litigation","Date","","Protection Litigation"
"Status","Status__c","TTS_Protection_Litigation","Picklist","","Protection Litigation"
"Type","Type__c","TTS_Protection_Litigation","Picklist","","Protection Litigation"
"Record ID","Id","TTS_Recipient","Lookup()","","Recipient"
"Deleted","IsDeleted","TTS_Recipient","Checkbox","","Recipient"
"Recipient ID","Name","TTS_Recipient","Auto Number","","Recipient"
"Created Date","CreatedDate","TTS_Recipient","Date/Time","","Recipient"
"Created By","CreatedById","TTS_Recipient","Lookup(User)","","Recipient"
"Last Modified Date","LastModifiedDate","TTS_Recipient","Date/Time","","Recipient"
"Last Modified By","LastModifiedById","TTS_Recipient","Lookup(User)","","Recipient"
"System Modstamp","SystemModstamp","TTS_Recipient","Date/Time","","Recipient"
"Last Activity Date","LastActivityDate","TTS_Recipient","Date","","Recipient"
"Last Viewed Date","LastViewedDate","TTS_Recipient","Date/Time","","Recipient"
"Last Referenced Date","LastReferencedDate","TTS_Recipient","Date/Time","","Recipient"
"Object Access Level","UserRecordAccessId","TTS_Recipient","Lookup(User Record Access)","","Recipient"
"Transaction","IP_Transaction__c","TTS_Recipient","Master-Detail(Transaction)","","Recipient"
"Amount","Amount__c","TTS_Recipient","Currency(16, 2)","","Recipient"
"Account","IP_Recipient_Account__c","TTS_Recipient","Lookup(Account)","","Recipient"
"Comments","IP_Recipient_Comments__c","TTS_Recipient","Long Text Area(32768)","","Recipient"
"Contact","IP_Recipient_Contact__c","TTS_Recipient","Lookup(Contact)","","Recipient"
"Payment Date/Time","IP_Recipient_Payment_Date_Time__c","TTS_Recipient","Date/Time","","Recipient"
"Payment Reference","IP_Recipient_Payment_Reference__c","TTS_Recipient","Text(50)  (External ID)","","Recipient"
"Custom Object Share ID","Id","TTS_Agreement__Share","Lookup()","","Share: Agreement"
"Parent","ParentId","TTS_Agreement__Share","Lookup(Agreement)","","Share: Agreement"
"User/Group","UserOrGroupId","TTS_Agreement__Share","Lookup(User,Group)","","Share: Agreement"
"Custom Object Access","AccessLevel","TTS_Agreement__Share","Picklist","","Share: Agreement"
"Row Cause","RowCause","TTS_Agreement__Share","Picklist(Apex Sharing Reason)","","Share: Agreement"
"Last Modified Date","LastModifiedDate","TTS_Agreement__Share","Date/Time","","Share: Agreement"
"Last Modified By","LastModifiedById","TTS_Agreement__Share","Lookup(User)","","Share: Agreement"
"Deleted","IsDeleted","TTS_Agreement__Share","Checkbox","","Share: Agreement"
"Custom Object Share ID","Id","TTS_Disclosure__Share","Lookup()","","Share: Disclosure"
"Parent","ParentId","TTS_Disclosure__Share","Lookup(Disclosure)","","Share: Disclosure"
"User/Group","UserOrGroupId","TTS_Disclosure__Share","Lookup(User,Group)","","Share: Disclosure"
"Custom Object Access","AccessLevel","TTS_Disclosure__Share","Picklist","","Share: Disclosure"
"Row Cause","RowCause","TTS_Disclosure__Share","Picklist(Apex Sharing Reason)","","Share: Disclosure"
"Last Modified Date","LastModifiedDate","TTS_Disclosure__Share","Date/Time","","Share: Disclosure"
"Last Modified By","LastModifiedById","TTS_Disclosure__Share","Lookup(User)","","Share: Disclosure"
"Deleted","IsDeleted","TTS_Disclosure__Share","Checkbox","","Share: Disclosure"
"Custom Object Share ID","Id","TTS_Mentoring_Opportunity__Share","Lookup()","","Share: Mentoring Opportunity"
"Parent","ParentId","TTS_Mentoring_Opportunity__Share","Lookup(Mentoring Opportunity)","","Share: Mentoring Opportunity"
"User/Group","UserOrGroupId","TTS_Mentoring_Opportunity__Share","Lookup(User,Group)","","Share: Mentoring Opportunity"
"Custom Object Access","AccessLevel","TTS_Mentoring_Opportunity__Share","Picklist","","Share: Mentoring Opportunity"
"Row Cause","RowCause","TTS_Mentoring_Opportunity__Share","Picklist(Apex Sharing Reason)","","Share: Mentoring Opportunity"
"Last Modified Date","LastModifiedDate","TTS_Mentoring_Opportunity__Share","Date/Time","","Share: Mentoring Opportunity"
"Last Modified By","LastModifiedById","TTS_Mentoring_Opportunity__Share","Lookup(User)","","Share: Mentoring Opportunity"
"Deleted","IsDeleted","TTS_Mentoring_Opportunity__Share","Checkbox","","Share: Mentoring Opportunity"
"Custom Object Share ID","Id","TTS_Protection__Share","Lookup()","","Share: Protection"
"Parent","ParentId","TTS_Protection__Share","Lookup(Protection)","","Share: Protection"
"User/Group","UserOrGroupId","TTS_Protection__Share","Lookup(User,Group)","","Share: Protection"
"Custom Object Access","AccessLevel","TTS_Protection__Share","Picklist","","Share: Protection"
"Row Cause","RowCause","TTS_Protection__Share","Picklist(Apex Sharing Reason)","","Share: Protection"
"Last Modified Date","LastModifiedDate","TTS_Protection__Share","Date/Time","","Share: Protection"
"Last Modified By","LastModifiedById","TTS_Protection__Share","Lookup(User)","","Share: Protection"
"Deleted","IsDeleted","TTS_Protection__Share","Checkbox","","Share: Protection"
"Custom Object Share ID","Id","TTS_Protection_Family__Share","Lookup()","","Share: Protection Family"
"Parent","ParentId","TTS_Protection_Family__Share","Lookup(Protection Family)","","Share: Protection Family"
"User/Group","UserOrGroupId","TTS_Protection_Family__Share","Lookup(User,Group)","","Share: Protection Family"
"Custom Object Access","AccessLevel","TTS_Protection_Family__Share","Picklist","","Share: Protection Family"
"Row Cause","RowCause","TTS_Protection_Family__Share","Picklist(Apex Sharing Reason)","","Share: Protection Family"
"Last Modified Date","LastModifiedDate","TTS_Protection_Family__Share","Date/Time","","Share: Protection Family"
"Last Modified By","LastModifiedById","TTS_Protection_Family__Share","Lookup(User)","","Share: Protection Family"
"Deleted","IsDeleted","TTS_Protection_Family__Share","Checkbox","","Share: Protection Family"
"Custom Object Share ID","Id","TTS_Space__Share","Lookup()","","Share: Space"
"Parent","ParentId","TTS_Space__Share","Lookup(Space)","","Share: Space"
"User/Group","UserOrGroupId","TTS_Space__Share","Lookup(User,Group)","","Share: Space"
"Custom Object Access","AccessLevel","TTS_Space__Share","Picklist","","Share: Space"
"Row Cause","RowCause","TTS_Space__Share","Picklist(Apex Sharing Reason)","","Share: Space"
"Last Modified Date","LastModifiedDate","TTS_Space__Share","Date/Time","","Share: Space"
"Last Modified By","LastModifiedById","TTS_Space__Share","Lookup(User)","","Share: Space"
"Deleted","IsDeleted","TTS_Space__Share","Checkbox","","Share: Space"
"Custom Object Share ID","Id","TTS_Trademark_Classes__Share","Lookup()","","Share: Trademark Class"
"Parent","ParentId","TTS_Trademark_Classes__Share","Lookup(Trademark Class)","","Share: Trademark Class"
"User/Group","UserOrGroupId","TTS_Trademark_Classes__Share","Lookup(User,Group)","","Share: Trademark Class"
"Custom Object Access","AccessLevel","TTS_Trademark_Classes__Share","Picklist","","Share: Trademark Class"
"Row Cause","RowCause","TTS_Trademark_Classes__Share","Picklist(Apex Sharing Reason)","","Share: Trademark Class"
"Last Modified Date","LastModifiedDate","TTS_Trademark_Classes__Share","Date/Time","","Share: Trademark Class"
"Last Modified By","LastModifiedById","TTS_Trademark_Classes__Share","Lookup(User)","","Share: Trademark Class"
"Deleted","IsDeleted","TTS_Trademark_Classes__Share","Checkbox","","Share: Trademark Class"
"Record ID","Id","TTS_Space","Lookup()","","Space"
"Owner","OwnerId","TTS_Space","Lookup(User,Group)","","Space"
"Deleted","IsDeleted","TTS_Space","Checkbox","","Space"
"Space ID","Name","TTS_Space","Auto Number","","Space"
"Created Date","CreatedDate","TTS_Space","Date/Time","","Space"
"Created By","CreatedById","TTS_Space","Lookup(User)","","Space"
"Last Modified Date","LastModifiedDate","TTS_Space","Date/Time","","Space"
"Last Modified By","LastModifiedById","TTS_Space","Lookup(User)","","Space"
"System Modstamp","SystemModstamp","TTS_Space","Date/Time","","Space"
"Last Activity Date","LastActivityDate","TTS_Space","Date","","Space"
"Last Viewed Date","LastViewedDate","TTS_Space","Date/Time","","Space"
"Last Referenced Date","LastReferencedDate","TTS_Space","Date/Time","","Space"
"Object Access Level","UserRecordAccessId","TTS_Space","Lookup(User Record Access)","","Space"
"Address","Address__c","TTS_Space","Long Text Area(32768)","","Space"
"Next Available Date","Next_Available_Date__c","TTS_Space","Date","","Space"
"Parent Space","Parent_Space__c","TTS_Space","Lookup(Space)","","Space"
"Space Description","Space_Description__c","TTS_Space","Long Text Area(32768)","","Space"
"Space Reference","Space_Reference__c","TTS_Space","Text(200)  (External ID)","","Space"
"Status","Status__c","TTS_Space","Picklist","","Space"
"Total Capacity","Total_Capacity__c","TTS_Space","Number(18, 0)","","Space"
"Type","Type__c","TTS_Space","Picklist","","Space"
"Total Occupants","Total_Occupants__c","TTS_Space","Roll-Up Summary (COUNT Space Tenant)","","Space"
"Total Tenants","Total_Tenants__c","TTS_Space","Roll-Up Summary (SUM Space Tenant)","","Space"
"Record ID","Id","TTS_Space_Asset","Lookup()","","Space Asset"
"Deleted","IsDeleted","TTS_Space_Asset","Checkbox","","Space Asset"
"Space Asset ID","Name","TTS_Space_Asset","Auto Number","","Space Asset"
"Created Date","CreatedDate","TTS_Space_Asset","Date/Time","","Space Asset"
"Created By","CreatedById","TTS_Space_Asset","Lookup(User)","","Space Asset"
"Last Modified Date","LastModifiedDate","TTS_Space_Asset","Date/Time","","Space Asset"
"Last Modified By","LastModifiedById","TTS_Space_Asset","Lookup(User)","","Space Asset"
"System Modstamp","SystemModstamp","TTS_Space_Asset","Date/Time","","Space Asset"
"Last Activity Date","LastActivityDate","TTS_Space_Asset","Date","","Space Asset"
"Last Viewed Date","LastViewedDate","TTS_Space_Asset","Date/Time","","Space Asset"
"Last Referenced Date","LastReferencedDate","TTS_Space_Asset","Date/Time","","Space Asset"
"Object Access Level","UserRecordAccessId","TTS_Space_Asset","Lookup(User Record Access)","","Space Asset"
"Space","Space__c","TTS_Space_Asset","Master-Detail(Space)","","Space Asset"
"Description","Description__c","TTS_Space_Asset","Long Text Area(32768)","","Space Asset"
"Estimated Value","Estimated_Value__c","TTS_Space_Asset","Currency(16, 2)","","Space Asset"
"Internal Asset Reference","Internal_Asset_Reference__c","TTS_Space_Asset","Text(200)  (External ID)","","Space Asset"
"Name","Name__c","TTS_Space_Asset","Text(200)","","Space Asset"
"Purchase Date","Purchase_Date__c","TTS_Space_Asset","Date","","Space Asset"
"Status","Status__c","TTS_Space_Asset","Picklist","","Space Asset"
"Record ID","Id","TTS_Space_Tenant","Lookup()","","Space Tenant"
"Deleted","IsDeleted","TTS_Space_Tenant","Checkbox","","Space Tenant"
"Space Tenant ID","Name","TTS_Space_Tenant","Auto Number","","Space Tenant"
"Created Date","CreatedDate","TTS_Space_Tenant","Date/Time","","Space Tenant"
"Created By","CreatedById","TTS_Space_Tenant","Lookup(User)","","Space Tenant"
"Last Modified Date","LastModifiedDate","TTS_Space_Tenant","Date/Time","","Space Tenant"
"Last Modified By","LastModifiedById","TTS_Space_Tenant","Lookup(User)","","Space Tenant"
"System Modstamp","SystemModstamp","TTS_Space_Tenant","Date/Time","","Space Tenant"
"Last Activity Date","LastActivityDate","TTS_Space_Tenant","Date","","Space Tenant"
"Last Viewed Date","LastViewedDate","TTS_Space_Tenant","Date/Time","","Space Tenant"
"Last Referenced Date","LastReferencedDate","TTS_Space_Tenant","Date/Time","","Space Tenant"
"Object Access Level","UserRecordAccessId","TTS_Space_Tenant","Lookup(User Record Access)","","Space Tenant"
"Space","Space__c","TTS_Space_Tenant","Master-Detail(Space)","","Space Tenant"
"Account","Account__c","TTS_Space_Tenant","Lookup(Account)","","Space Tenant"
"Contact","Contact__c","TTS_Space_Tenant","Lookup(Contact)","","Space Tenant"
"End Date","End_Date__c","TTS_Space_Tenant","Date","","Space Tenant"
"Start Date","Start_Date__c","TTS_Space_Tenant","Date","","Space Tenant"
"Type","Type__c","TTS_Space_Tenant","Picklist","","Space Tenant"
"Total Active Contacts","Total_Active_Contacts__c","TTS_Space_Tenant","Roll-Up Summary (COUNT Tenant Contact)","","Space Tenant"
"Total Contacts","Total_Contacts__c","TTS_Space_Tenant","Roll-Up Summary (COUNT Tenant Contact)","","Space Tenant"
"Current Tenant","Current_Tenant__c","TTS_Space_Tenant","Formula (Checkbox)","","Space Tenant"
"Tenant Name","Tenant_Name__c","TTS_Space_Tenant","Formula (Text)","Displays the name of the tenant using the type field of if the type field is not populated used the populated value, be that Account or Contact.","Space Tenant"
"Record ID","Id","TTS_Success_Plans","Lookup()","","Success Plan"
"Owner","OwnerId","TTS_Success_Plans","Lookup(User,Group)","","Success Plan"
"Deleted","IsDeleted","TTS_Success_Plans","Checkbox","","Success Plan"
"Success Plan ID","Name","TTS_Success_Plans","Auto Number","","Success Plan"
"Created Date","CreatedDate","TTS_Success_Plans","Date/Time","","Success Plan"
"Created By","CreatedById","TTS_Success_Plans","Lookup(User)","","Success Plan"
"Last Modified Date","LastModifiedDate","TTS_Success_Plans","Date/Time","","Success Plan"
"Last Modified By","LastModifiedById","TTS_Success_Plans","Lookup(User)","","Success Plan"
"System Modstamp","SystemModstamp","TTS_Success_Plans","Date/Time","","Success Plan"
"Last Viewed Date","LastViewedDate","TTS_Success_Plans","Date/Time","","Success Plan"
"Last Referenced Date","LastReferencedDate","TTS_Success_Plans","Date/Time","","Success Plan"
"Object Access Level","UserRecordAccessId","TTS_Success_Plans","Lookup(User Record Access)","","Success Plan"
"Object","Object__c","TTS_Success_Plans","Text(90)","","Success Plan"
"Title","Title__c","TTS_Success_Plans","Text(255)","","Success Plan"
"Record ID","Id","TTS_Technology","Lookup()","","Technology"
"Owner","OwnerId","TTS_Technology","Lookup(User,Group)","","Technology"
"Deleted","IsDeleted","TTS_Technology","Checkbox","","Technology"
"Technology ID","Name","TTS_Technology","Auto Number","","Technology"
"Created Date","CreatedDate","TTS_Technology","Date/Time","","Technology"
"Created By","CreatedById","TTS_Technology","Lookup(User)","","Technology"
"Last Modified Date","LastModifiedDate","TTS_Technology","Date/Time","","Technology"
"Last Modified By","LastModifiedById","TTS_Technology","Lookup(User)","","Technology"
"System Modstamp","SystemModstamp","TTS_Technology","Date/Time","","Technology"
"Last Activity Date","LastActivityDate","TTS_Technology","Date","","Technology"
"Last Viewed Date","LastViewedDate","TTS_Technology","Date/Time","","Technology"
"Last Referenced Date","LastReferencedDate","TTS_Technology","Date/Time","","Technology"
"Object Access Level","UserRecordAccessId","TTS_Technology","Lookup(User Record Access)","","Technology"
"Category","IP_Category__c","TTS_Technology","Picklist","","Technology"
"Market Potential","IP_Commercial_Market__c","TTS_Technology","Long Text Area(32768)","","Technology"
"Disclosure Date","IP_Disclosure_Date__c","TTS_Technology","Date","Date which the initial disclosure of IP was disclosed/created.","Technology"
"Experimental Verification Detail","IP_Experimental_Verification_Detail__c","TTS_Technology","Long Text Area(130000)","","Technology"
"Experimental Verification Complete","IP_Experimental_Verification__c","TTS_Technology","Checkbox","Confirms that experimental verification has taken place to verify the IP","Technology"
"External Reference","IP_External_Reference__c","TTS_Technology","Text(255)  (External ID) (Unique Case Insensitive)","","Technology"
"Future Publications","IP_Future_Publications__c","TTS_Technology","Long Text Area(32768)","","Technology"
"Known Limitations","IP_Known_Limitations__c","TTS_Technology","Long Text Area(32768)","","Technology"
"Known Risks","IP_Known_Risks__c","TTS_Technology","Long Text Area(32768)","","Technology"
"Known Variations","IP_Known_Variations__c","TTS_Technology","Long Text Area(32768)","","Technology"
"Materials Detail","IP_Materials__c","TTS_Technology","Long Text Area(32768)","","Technology"
"Novelty/Newness","IP_Novelty__c","TTS_Technology","Long Text Area(32768)","","Technology"
"Parent Technology","IP_ParentIP__c","TTS_Technology","Lookup(Technology)","","Technology"
"Principal Inventor (PI)","IP_Principal_Inventor_PI__c","TTS_Technology","Lookup(Contact)","","Technology"
"Prior Art","IP_Prior_Art__c","TTS_Technology","Checkbox","","Technology"
"Prior Art Details","IP_Prior_Art_detail__c","TTS_Technology","Long Text Area(130000)","","Technology"
"Public Disclosure Details","IP_Public_Disclosure_Details__c","TTS_Technology","Long Text Area(32768)","","Technology"
"Public Disclosure Date","IP_Public_Disclosure__c","TTS_Technology","Date","","Technology"
"Sponsored Program Detail","IP_Sponsored_Program_Detail__c","TTS_Technology","Long Text Area(32768)","","Technology"
"Sponsored Program","IP_Sponsored_Program__c","TTS_Technology","Checkbox","","Technology"
"Status","IP_Status__c","TTS_Technology","Picklist","","Technology"
"Technical Description","IP_Technical_Description__c","TTS_Technology","Long Text Area(130000)","","Technology"
"Technology Title","IP_Title__c","TTS_Technology","Text Area(255)","","Technology"
"Utility Details","IP_Utility__c","TTS_Technology","Long Text Area(130000)","","Technology"
"Non-Confidential Description","Non_Confidential_Description__c","TTS_Technology","Long Text Area(32768)","","Technology"
"Technology Readiness Level (TRL)","TRL__c","TTS_Technology","Picklist","","Technology"
"Trademark Classes","Trademark_Classes__c","TTS_Technology","Picklist (Multi-Select)","The Nice Classification (NCL), established by the Nice Agreement (1957), is an international classification of goods and services applied for the registration of marks.","Technology"
"Total Percentage Share","IP_Total_Percentage_Share__c","TTS_Technology","Roll-Up Summary (SUM Inventor)","This is used primarily for validation of the child contribution records to ensure that the overall share is not more than 100%","Technology"
"Total Primary Contributions","IP_Total_Primary_Contributions__c","TTS_Technology","Roll-Up Summary (COUNT Inventor)","This checks the number of child contributions records, marked as primary, is always 1 or 0. If this is greater than one a validation rule throws an error message.","Technology"
"Compact Title","IP_Compact_Title__c","TTS_Technology","Formula (Text)","","Technology"
"Record ID","Id","TTS_Space_Tenant_Contact","Lookup()","","Tenant Contact"
"Deleted","IsDeleted","TTS_Space_Tenant_Contact","Checkbox","","Tenant Contact"
"Tenant Contact ID","Name","TTS_Space_Tenant_Contact","Auto Number","","Tenant Contact"
"Created Date","CreatedDate","TTS_Space_Tenant_Contact","Date/Time","","Tenant Contact"
"Created By","CreatedById","TTS_Space_Tenant_Contact","Lookup(User)","","Tenant Contact"
"Last Modified Date","LastModifiedDate","TTS_Space_Tenant_Contact","Date/Time","","Tenant Contact"
"Last Modified By","LastModifiedById","TTS_Space_Tenant_Contact","Lookup(User)","","Tenant Contact"
"System Modstamp","SystemModstamp","TTS_Space_Tenant_Contact","Date/Time","","Tenant Contact"
"Last Activity Date","LastActivityDate","TTS_Space_Tenant_Contact","Date","","Tenant Contact"
"Last Viewed Date","LastViewedDate","TTS_Space_Tenant_Contact","Date/Time","","Tenant Contact"
"Last Referenced Date","LastReferencedDate","TTS_Space_Tenant_Contact","Date/Time","","Tenant Contact"
"Object Access Level","UserRecordAccessId","TTS_Space_Tenant_Contact","Lookup(User Record Access)","","Tenant Contact"
"Space Tenant","Space_Tenant__c","TTS_Space_Tenant_Contact","Master-Detail(Space Tenant)","","Tenant Contact"
"Contact","Contact__c","TTS_Space_Tenant_Contact","Lookup(Contact)","","Tenant Contact"
"End Date","End_Date__c","TTS_Space_Tenant_Contact","Date","","Tenant Contact"
"Is Current Contact","Is_Current_Contact__c","TTS_Space_Tenant_Contact","Checkbox","","Tenant Contact"
"Is Primary Contact","Is_Primary_Contact__c","TTS_Space_Tenant_Contact","Checkbox","","Tenant Contact"
"Start Date","Start_Date__c","TTS_Space_Tenant_Contact","Date","","Tenant Contact"
"Record ID","Id","TTS_Trademark_Classes","Lookup()","","Trademark Class"
"Owner","OwnerId","TTS_Trademark_Classes","Lookup(User,Group)","","Trademark Class"
"Deleted","IsDeleted","TTS_Trademark_Classes","Checkbox","","Trademark Class"
"Trademark Class","Name","TTS_Trademark_Classes","Text(80)","","Trademark Class"
"Created Date","CreatedDate","TTS_Trademark_Classes","Date/Time","","Trademark Class"
"Created By","CreatedById","TTS_Trademark_Classes","Lookup(User)","","Trademark Class"
"Last Modified Date","LastModifiedDate","TTS_Trademark_Classes","Date/Time","","Trademark Class"
"Last Modified By","LastModifiedById","TTS_Trademark_Classes","Lookup(User)","","Trademark Class"
"System Modstamp","SystemModstamp","TTS_Trademark_Classes","Date/Time","","Trademark Class"
"Last Viewed Date","LastViewedDate","TTS_Trademark_Classes","Date/Time","","Trademark Class"
"Last Referenced Date","LastReferencedDate","TTS_Trademark_Classes","Date/Time","","Trademark Class"
"Object Access Level","UserRecordAccessId","TTS_Trademark_Classes","Lookup(User Record Access)","","Trademark Class"
"Class Heading","Class_Heading__c","TTS_Trademark_Classes","Long Text Area(131072)","","Trademark Class"
"Class Number","Class_Number__c","TTS_Trademark_Classes","Text(255)","","Trademark Class"
"Record ID","Id","TTS_TrademarkIPAssociation","Lookup()","","Trademark Class Association"
"Deleted","IsDeleted","TTS_TrademarkIPAssociation","Checkbox","","Trademark Class Association"
"Trademark Class ID","Name","TTS_TrademarkIPAssociation","Auto Number","","Trademark Class Association"
"Created Date","CreatedDate","TTS_TrademarkIPAssociation","Date/Time","","Trademark Class Association"
"Created By","CreatedById","TTS_TrademarkIPAssociation","Lookup(User)","","Trademark Class Association"
"Last Modified Date","LastModifiedDate","TTS_TrademarkIPAssociation","Date/Time","","Trademark Class Association"
"Last Modified By","LastModifiedById","TTS_TrademarkIPAssociation","Lookup(User)","","Trademark Class Association"
"System Modstamp","SystemModstamp","TTS_TrademarkIPAssociation","Date/Time","","Trademark Class Association"
"Object Access Level","UserRecordAccessId","TTS_TrademarkIPAssociation","Lookup(User Record Access)","","Trademark Class Association"
"Trademark Classes","Trademark_Classes__c","TTS_TrademarkIPAssociation","Master-Detail(Trademark Class)","","Trademark Class Association"
"Protection","Protection__c","TTS_TrademarkIPAssociation","Lookup(Protection)","","Trademark Class Association"
"Record ID","Id","TTS_Transaction","Lookup()","","Transaction"
"Owner","OwnerId","TTS_Transaction","Lookup(User,Group)","","Transaction"
"Deleted","IsDeleted","TTS_Transaction","Checkbox","","Transaction"
"Transaction ID","Name","TTS_Transaction","Auto Number","","Transaction"
"Record Type","RecordTypeId","TTS_Transaction","Record Type","","Transaction"
"Created Date","CreatedDate","TTS_Transaction","Date/Time","","Transaction"
"Created By","CreatedById","TTS_Transaction","Lookup(User)","","Transaction"
"Last Modified Date","LastModifiedDate","TTS_Transaction","Date/Time","","Transaction"
"Last Modified By","LastModifiedById","TTS_Transaction","Lookup(User)","","Transaction"
"System Modstamp","SystemModstamp","TTS_Transaction","Date/Time","","Transaction"
"Last Activity Date","LastActivityDate","TTS_Transaction","Date","","Transaction"
"Last Viewed Date","LastViewedDate","TTS_Transaction","Date/Time","","Transaction"
"Last Referenced Date","LastReferencedDate","TTS_Transaction","Date/Time","","Transaction"
"Object Access Level","UserRecordAccessId","TTS_Transaction","Lookup(User Record Access)","","Transaction"
"Proposed Amount","Agreed_Amount__c","TTS_Transaction","Currency(16, 2)","","Transaction"
"Agreement Deliverable","Agreement_Deliverable__c","TTS_Transaction","Lookup(Agreement Deliverable)","","Transaction"
"Agreement Party","Agreement_Party__c","TTS_Transaction","Lookup(Agreement Party)","","Transaction"
"Agreement","Agreement__c","TTS_Transaction","Lookup(Agreement)","","Transaction"
"Campaign","Campaign__c","TTS_Transaction","Lookup(Campaign)","","Transaction"
"Direction","Direction__c","TTS_Transaction","Picklist","","Transaction"
"End Date/Time","End_Date_Time__c","TTS_Transaction","Date/Time","","Transaction"
"Actual Amount","IP_Actual_Amount__c","TTS_Transaction","Currency(16, 2)","","Transaction"
"Related Contract","IP_Contract__c","TTS_Transaction","Lookup(Contract)","","Transaction"
"Expected Payment Date","IP_Expected_Payment_Date__c","TTS_Transaction","Date/Time","","Transaction"
"External Payment Reference","IP_External_Payment_Reference__c","TTS_Transaction","Text(50)  (External ID)","","Transaction"
"Internal Payment Reference","IP_Internal_Payment_Reference__c","TTS_Transaction","Text(50)  (External ID)","","Transaction"
"Opportunity","IP_Opportunity__c","TTS_Transaction","Lookup(Opportunity)","","Transaction"
"Purchase Order","IP_Purchase_Order__c","TTS_Transaction","Text(50)  (External ID)","","Transaction"
"Technology","IP_Related_IP__c","TTS_Transaction","Lookup(Technology)","","Transaction"
"Transaction Date/Time","IP_Transaction_Date_Time__c","TTS_Transaction","Date/Time","","Transaction"
"Protection","Protection__c","TTS_Transaction","Lookup(Protection)","","Transaction"
"Recurrence Frequency","Recurrence_Frequency__c","TTS_Transaction","Picklist","","Transaction"
"Recurring","Recurring__c","TTS_Transaction","Checkbox","","Transaction"
"Space","Space__c","TTS_Transaction","Lookup(Space)","","Transaction"
"Start Date/Time","Start_Date_Time__c","TTS_Transaction","Date/Time","","Transaction"
"Initial Transaction","Transaction__c","TTS_Transaction","Lookup(Transaction)","","Transaction"
"Type","Type__c","TTS_Transaction","Picklist","","Transaction"
"Applied Royalty Rate","Applied_Royalty_Rate__c","TTS_Transaction","Percent(8, 4)","The royalty rate applied to the reported revenue for this transaction.","Transaction"
"Law Firm Matter","Law_Firm_Matter__c","TTS_Transaction","Lookup(Law Firm Matter)","The law firm matter or docket engagement associated with this transaction.","Transaction"
"Payment Status","Payment_Status__c","TTS_Transaction","Picklist","Lifecycle status for the expected or completed payment.","Transaction"
"Protection Litigation","Protection_Litigation__c","TTS_Transaction","Lookup(Protection Litigation)","The related protection litigation for legal fee or settlement transactions.","Transaction"
"Reported Royalty Revenue","Reported_Royalty_Revenue__c","TTS_Transaction","Currency(16, 2)","Revenue reported by the licensee or obligated party for the royalty calculation period.","Transaction"
"Royalty Report End Date","Royalty_Report_End_Date__c","TTS_Transaction","Date","","Transaction"
"Royalty Report Start Date","Royalty_Report_Start_Date__c","TTS_Transaction","Date","","Transaction"
"Royalty Term","Royalty_Term__c","TTS_Transaction","Lookup(Royalty Term)","The royalty term used to justify and calculate this transaction amount.","Transaction"
"Law Firm Matter","Law_Firm_Matter__c","TTS_Protection","Lookup(Law Firm Matter)","The law firm matter or docket engagement associated with this protection.","Protection"
"Law Firm Matter","Law_Firm_Matter__c","TTS_Protection_Litigation","Lookup(Law Firm Matter)","The law firm matter or docket engagement associated with this litigation.","Protection Litigation"
"Record ID","Id","TTS_Royalty_Term","Lookup()","","Royalty Term"
"Deleted","IsDeleted","TTS_Royalty_Term","Checkbox","","Royalty Term"
"Royalty Term ID","Name","TTS_Royalty_Term","Auto Number","","Royalty Term ID"
"Created Date","CreatedDate","TTS_Royalty_Term","Date/Time","","Created Date"
"Created By","CreatedById","TTS_Royalty_Term","Lookup(User)","","Created By"
"Last Modified Date","LastModifiedDate","TTS_Royalty_Term","Date/Time","","Last Modified Date"
"Last Modified By","LastModifiedById","TTS_Royalty_Term","Lookup(User)","","Last Modified By"
"System Modstamp","SystemModstamp","TTS_Royalty_Term","Date/Time","","System Modstamp"
"Last Activity Date","LastActivityDate","TTS_Royalty_Term","Date","","Last Activity Date"
"Last Viewed Date","LastViewedDate","TTS_Royalty_Term","Date/Time","","Last Viewed Date"
"Last Referenced Date","LastReferencedDate","TTS_Royalty_Term","Date/Time","","Last Referenced Date"
"Object Access Level","UserRecordAccessId","TTS_Royalty_Term","Lookup(User Record Access)","","Object Access Level"
"Agreement","Agreement__c","TTS_Royalty_Term","Master-Detail(Agreement)","","Agreement"
"Agreement Party","Agreement_Party__c","TTS_Royalty_Term","Lookup(Agreement Party)","The agreement party responsible for or benefiting from this royalty term.","Agreement Party"
"Description","Description__c","TTS_Royalty_Term","Long Text Area(32768)","Additional notes describing how the royalty amount should be calculated.","Description"
"Direction","Direction__c","TTS_Royalty_Term","Picklist","Whether this royalty term is receivable by the institution or payable to another party.","Direction"
"Effective End Date","Effective_End_Date__c","TTS_Royalty_Term","Date","","Effective End Date"
"Effective Start Date","Effective_Start_Date__c","TTS_Royalty_Term","Date","","Effective Start Date"
"Fixed Amount","Fixed_Amount__c","TTS_Royalty_Term","Currency(16, 2)","Fixed royalty amount, when the term is not calculated from a percentage rate.","Fixed Amount"
"Royalty Basis","Royalty_Basis__c","TTS_Royalty_Term","Picklist","The revenue or event basis used to calculate the royalty amount.","Royalty Basis"
"Royalty Obligation Type","Royalty_Obligation_Type__c","TTS_Royalty_Term","Picklist","The business reason for the royalty obligation.","Royalty Obligation Type"
"Royalty Rate","Royalty_Rate__c","TTS_Royalty_Term","Percent(8, 4)","The royalty percentage rate used to calculate the amount.","Royalty Rate"
"Record ID","Id","TTS_Law_Firm_Matter","Lookup()","","Law Firm Matter"
"Owner","OwnerId","TTS_Law_Firm_Matter","Lookup(User,Group)","","Owner"
"Deleted","IsDeleted","TTS_Law_Firm_Matter","Checkbox","","Law Firm Matter"
"Law Firm Matter ID","Name","TTS_Law_Firm_Matter","Auto Number","","Law Firm Matter ID"
"Created Date","CreatedDate","TTS_Law_Firm_Matter","Date/Time","","Created Date"
"Created By","CreatedById","TTS_Law_Firm_Matter","Lookup(User)","","Created By"
"Last Modified Date","LastModifiedDate","TTS_Law_Firm_Matter","Date/Time","","Last Modified Date"
"Last Modified By","LastModifiedById","TTS_Law_Firm_Matter","Lookup(User)","","Last Modified By"
"System Modstamp","SystemModstamp","TTS_Law_Firm_Matter","Date/Time","","System Modstamp"
"Last Activity Date","LastActivityDate","TTS_Law_Firm_Matter","Date","","Last Activity Date"
"Last Viewed Date","LastViewedDate","TTS_Law_Firm_Matter","Date/Time","","Last Viewed Date"
"Last Referenced Date","LastReferencedDate","TTS_Law_Firm_Matter","Date/Time","","Last Referenced Date"
"Object Access Level","UserRecordAccessId","TTS_Law_Firm_Matter","Lookup(User Record Access)","","Object Access Level"
"Closed Date","Closed_Date__c","TTS_Law_Firm_Matter","Date","","Closed Date"
"Description","Description__c","TTS_Law_Firm_Matter","Long Text Area(32768)","Summary of the law firm matter, docket, or engagement scope.","Description"
"Law Firm Matter Key","Law_Firm_Matter_Key__c","TTS_Law_Firm_Matter","Text(255)  (External ID) (Unique Case Insensitive)","Unique external key for invoice lookup, usually combining the law firm and matter or docket number.","Law Firm Matter Key"
"Law Firm","Law_Firm__c","TTS_Law_Firm_Matter","Lookup(Account)","","Law Firm"
"Matter/Docket Number","Matter_Docket_Number__c","TTS_Law_Firm_Matter","Text(100)","The law firm's matter or docket number used on invoices.","Matter/Docket Number"
"Opened Date","Opened_Date__c","TTS_Law_Firm_Matter","Date","","Opened Date"
"Status","Status__c","TTS_Law_Firm_Matter","Picklist","","Status"
